id,mass,sources
EVODEX-M1,0.0,"EVODEX-P361,EVODEX-P1496,EVODEX-P1776,EVODEX-P229,EVODEX-P318,EVODEX-P401,EVODEX-P288,EVODEX-P381,EVODEX-P906,EVODEX-P965,EVODEX-P275,EVODEX-P410,EVODEX-P926,EVODEX-P299,EVODEX-P49,EVODEX-P369,EVODEX-P360,EVODEX-P1159,EVODEX-P459,EVODEX-P939,EVODEX-P359,EVODEX-P753,EVODEX-P231,EVODEX-P1452,EVODEX-P1798,EVODEX-P373,EVODEX-P252,EVODEX-P1134,EVODEX-P296,EVODEX-P302,EVODEX-P290,EVODEX-P1204,EVODEX-P892,EVODEX-P1181,EVODEX-P191,EVODEX-P1229,EVODEX-P198,EVODEX-P1797,EVODEX-P574,EVODEX-P952,EVODEX-P954,EVODEX-P1535,EVODEX-P956,EVODEX-P278,EVODEX-P166,EVODEX-P470,EVODEX-P1423,EVODEX-P1517,EVODEX-P133,EVODEX-P1236,EVODEX-P399"
EVODEX-M2,-67.04225000000001,EVODEX-P2
EVODEX-M3,-180.06336000000002,"EVODEX-P1006,EVODEX-P513,EVODEX-P758,EVODEX-P572,EVODEX-P1593,EVODEX-P178,EVODEX-P51,EVODEX-P1742,EVODEX-P3"
EVODEX-M4,67.04225000000001,EVODEX-P4
EVODEX-M5,-162.0528,"EVODEX-P806,EVODEX-P759,EVODEX-P813,EVODEX-P782,EVODEX-P1873,EVODEX-P177,EVODEX-P669,EVODEX-P1592,EVODEX-P1005,EVODEX-P425,EVODEX-P5,EVODEX-P1595,EVODEX-P512,EVODEX-P571,EVODEX-P1386,EVODEX-P111,EVODEX-P1321,EVODEX-P733,EVODEX-P95,EVODEX-P1099,EVODEX-P113,EVODEX-P52"
EVODEX-M6,18.010559999999998,"EVODEX-P327,EVODEX-P1633,EVODEX-P1332,EVODEX-P606,EVODEX-P1639,EVODEX-P1596,EVODEX-P558,EVODEX-P1723,EVODEX-P371,EVODEX-P755,EVODEX-P1032,EVODEX-P1650,EVODEX-P1793,EVODEX-P1498,EVODEX-P1394,EVODEX-P455,EVODEX-P1093,EVODEX-P190,EVODEX-P1495,EVODEX-P1804,EVODEX-P139,EVODEX-P1021,EVODEX-P277,EVODEX-P1219,EVODEX-P816,EVODEX-P972,EVODEX-P64,EVODEX-P532,EVODEX-P1788,EVODEX-P913,EVODEX-P1528,EVODEX-P1141,EVODEX-P653,EVODEX-P924,EVODEX-P91,EVODEX-P204,EVODEX-P286,EVODEX-P522,EVODEX-P811,EVODEX-P1324,EVODEX-P6,EVODEX-P552,EVODEX-P681,EVODEX-P1243,EVODEX-P1823,EVODEX-P1161,EVODEX-P1356,EVODEX-P27,EVODEX-P48,EVODEX-P1132,EVODEX-P1728,EVODEX-P667,EVODEX-P1105,EVODEX-P855,EVODEX-P798,EVODEX-P510,EVODEX-P987,EVODEX-P1238,EVODEX-P1627,EVODEX-P1584,EVODEX-P904,EVODEX-P1235,EVODEX-P1645,EVODEX-P760,EVODEX-P197,EVODEX-P55,EVODEX-P358,EVODEX-P1267,EVODEX-P504,EVODEX-P363,EVODEX-P866,EVODEX-P70,EVODEX-P1900,EVODEX-P841,EVODEX-P891,EVODEX-P1888,EVODEX-P1158,EVODEX-P734,EVODEX-P573"
EVODEX-M7,-19.04225,"EVODEX-P8,EVODEX-P1429,EVODEX-P1405,EVODEX-P868"
EVODEX-M8,-1.0316900000000002,"EVODEX-P565,EVODEX-P1483,EVODEX-P1304,EVODEX-P9,EVODEX-P395,EVODEX-P1430,EVODEX-P1406"
EVODEX-M9,-17.02659,"EVODEX-P1029,EVODEX-P323,EVODEX-P451,EVODEX-P650,EVODEX-P1725"
EVODEX-M10,15.9949,"EVODEX-P944,EVODEX-P779,EVODEX-P1760,EVODEX-P1598,EVODEX-P1400,EVODEX-P1740,EVODEX-P1532,EVODEX-P1664,EVODEX-P1502,EVODEX-P11,EVODEX-P773,EVODEX-P1198,EVODEX-P1512,EVODEX-P440,EVODEX-P1208,EVODEX-P131,EVODEX-P870,EVODEX-P155,EVODEX-P1058,EVODEX-P1893,EVODEX-P1432"
EVODEX-M11,-2.01566,"EVODEX-P1369,EVODEX-P1608,EVODEX-P1675,EVODEX-P1590,EVODEX-P1511,EVODEX-P1737,EVODEX-P856,EVODEX-P438,EVODEX-P655,EVODEX-P1763,EVODEX-P449,EVODEX-P129,EVODEX-P57,EVODEX-P301,EVODEX-P976,EVODEX-P247,EVODEX-P1245,EVODEX-P1698,EVODEX-P1758,EVODEX-P675,EVODEX-P1588,EVODEX-P222,EVODEX-P879,EVODEX-P1377,EVODEX-P1891,EVODEX-P353,EVODEX-P1416,EVODEX-P1197,EVODEX-P1207,EVODEX-P1487,EVODEX-P752,EVODEX-P42,EVODEX-P1165,EVODEX-P251,EVODEX-P85,EVODEX-P633,EVODEX-P991,EVODEX-P217,EVODEX-P375,EVODEX-P496,EVODEX-P1275,EVODEX-P1869,EVODEX-P157,EVODEX-P642,EVODEX-P1489,EVODEX-P101,EVODEX-P524,EVODEX-P1048"
EVODEX-M12,0.9839699999999996,"EVODEX-P182,EVODEX-P652,EVODEX-P453,EVODEX-P325,EVODEX-P549,EVODEX-P1031,EVODEX-P332,EVODEX-P1726"
EVODEX-M13,-104.06264,EVODEX-P15
EVODEX-M16,2.01566,"EVODEX-P989,EVODEX-P1274,EVODEX-P1902,EVODEX-P693,EVODEX-P569,EVODEX-P498,EVODEX-P1651,EVODEX-P1046,EVODEX-P58,EVODEX-P1396,EVODEX-P430,EVODEX-P578,EVODEX-P409,EVODEX-P457,EVODEX-P1746,EVODEX-P1707,EVODEX-P974,EVODEX-P250,EVODEX-P1384,EVODEX-P526,EVODEX-P84,EVODEX-P1279,EVODEX-P1466,EVODEX-P18,EVODEX-P321,EVODEX-P660,EVODEX-P1334,EVODEX-P1553,EVODEX-P1326,EVODEX-P109,EVODEX-P329,EVODEX-P843,EVODEX-P1187,EVODEX-P1213,EVODEX-P1410,EVODEX-P481,EVODEX-P479,EVODEX-P175,EVODEX-P1292,EVODEX-P1764,EVODEX-P1871,EVODEX-P473,EVODEX-P99,EVODEX-P1586"
EVODEX-M17,102.04698,EVODEX-P19
EVODEX-M18,-347.06322,"EVODEX-P1221,EVODEX-P736"
EVODEX-M20,-177.94322,"EVODEX-P60,EVODEX-P978,EVODEX-P206,EVODEX-P225,EVODEX-P336,EVODEX-P1618,EVODEX-P846,EVODEX-P1359,EVODEX-P1424,EVODEX-P1521,EVODEX-P1693,EVODEX-P683,EVODEX-P1050,EVODEX-P365"
EVODEX-M21,-159.93266,"EVODEX-P1040,EVODEX-P62,EVODEX-P24"
EVODEX-M24,155.06957,EVODEX-P1401
EVODEX-M25,-18.010559999999998,"EVODEX-P219,EVODEX-P882,EVODEX-P960,EVODEX-P615,EVODEX-P1831,EVODEX-P935,EVODEX-P1259,EVODEX-P167,EVODEX-P1344,EVODEX-P79,EVODEX-P1579,EVODEX-P461,EVODEX-P1530,EVODEX-P29,EVODEX-P490,EVODEX-P546,EVODEX-P1688,EVODEX-P953,EVODEX-P1818,EVODEX-P460,EVODEX-P260,EVODEX-P1777,EVODEX-P708,EVODEX-P789,EVODEX-P1068,EVODEX-P927,EVODEX-P1035"
EVODEX-M26,-248.98037,EVODEX-P30
EVODEX-M29,-329.05266,EVODEX-P33
EVODEX-M30,-87.03205000000001,"EVODEX-P1857,EVODEX-P1850,EVODEX-P200,EVODEX-P599,EVODEX-P1687"
EVODEX-M31,137.05901,EVODEX-P35
EVODEX-M32,329.05266,"EVODEX-P979,EVODEX-P370,EVODEX-P337,EVODEX-P685"
EVODEX-M33,258.01550999999995,EVODEX-P37
EVODEX-M34,71.03715000000001,EVODEX-P38
EVODEX-M35,484.12223,EVODEX-P39
EVODEX-M36,1.00783,"EVODEX-P1010,EVODEX-P248,EVODEX-P220,EVODEX-P40"
EVODEX-M37,-159.03547,EVODEX-P44
EVODEX-M38,-176.07976000000002,EVODEX-P45
EVODEX-M39,159.03547,EVODEX-P46
EVODEX-M40,-158.06920000000002,EVODEX-P47
EVODEX-M41,324.1056,"EVODEX-P884,EVODEX-P53"
EVODEX-M42,-324.1056,"EVODEX-P54,EVODEX-P810"
EVODEX-M43,306.02533,"EVODEX-P207,EVODEX-P1254,EVODEX-P61"
EVODEX-M44,-306.02533,"EVODEX-P63,EVODEX-P1252,EVODEX-P137,EVODEX-P1684"
EVODEX-M45,-409.01899,EVODEX-P66
EVODEX-M46,-97.97689,"EVODEX-P194,EVODEX-P678,EVODEX-P1642,EVODEX-P1791,EVODEX-P529,EVODEX-P1391,EVODEX-P67,EVODEX-P730,EVODEX-P794,EVODEX-P374,EVODEX-P864,EVODEX-P356,EVODEX-P1539,EVODEX-P1129"
EVODEX-M47,409.01899,"EVODEX-P462,EVODEX-P68,EVODEX-P1808"
EVODEX-M48,-79.96633,"EVODEX-P1644,EVODEX-P96,EVODEX-P917,EVODEX-P1281,EVODEX-P732,EVODEX-P196,EVODEX-P254,EVODEX-P1562,EVODEX-P796,EVODEX-P739,EVODEX-P357,EVODEX-P1266,EVODEX-P1421,EVODEX-P406,EVODEX-P1730,EVODEX-P75,EVODEX-P418,EVODEX-P531,EVODEX-P69,EVODEX-P680,EVODEX-P1779,EVODEX-P312,EVODEX-P1131,EVODEX-P1454"
EVODEX-M49,-363.05812,"EVODEX-P1232,EVODEX-P72,EVODEX-P1090"
EVODEX-M50,79.96633,"EVODEX-P73,EVODEX-P94,EVODEX-P1108,EVODEX-P294,EVODEX-P1475,EVODEX-P1678,EVODEX-P1013,EVODEX-P581,EVODEX-P1733,EVODEX-P1025,EVODEX-P1185,EVODEX-P1880,EVODEX-P1556,EVODEX-P1271,EVODEX-P315,EVODEX-P1202,EVODEX-P404,EVODEX-P241,EVODEX-P547,EVODEX-P737,EVODEX-P689,EVODEX-P586,EVODEX-P416,EVODEX-P1002,EVODEX-P80,EVODEX-P1773,EVODEX-P1561,EVODEX-P1036,EVODEX-P791"
EVODEX-M51,63.97143,"EVODEX-P738,EVODEX-P74"
EVODEX-M52,427.02955,"EVODEX-P76,EVODEX-P918,EVODEX-P1422,EVODEX-P257,EVODEX-P1782"
EVODEX-M53,-242.01913,"EVODEX-P78,EVODEX-P863,EVODEX-P1265,EVODEX-P1393,EVODEX-P1034"
EVODEX-M54,242.01913,"EVODEX-P1392,EVODEX-P1037,EVODEX-P81,EVODEX-P865"
EVODEX-M55,97.97689,"EVODEX-P792,EVODEX-P82,EVODEX-P97,EVODEX-P115,EVODEX-P1414,EVODEX-P1008,EVODEX-P1389,EVODEX-P1038,EVODEX-P1001"
EVODEX-M56,-115.02695,"EVODEX-P1656,EVODEX-P87"
EVODEX-M57,-1180.65122,EVODEX-P88
EVODEX-M58,115.02695,EVODEX-P89
EVODEX-M59,-1162.6406599999998,EVODEX-P90
EVODEX-M60,-260.02969,"EVODEX-P93,EVODEX-P255,EVODEX-P1253,EVODEX-P1264,EVODEX-P112"
EVODEX-M61,-14.01566,"EVODEX-P562,EVODEX-P1441,EVODEX-P103,EVODEX-P382,EVODEX-P800,EVODEX-P186"
EVODEX-M62,-141.97588,EVODEX-P104
EVODEX-M63,14.01566,"EVODEX-P188,EVODEX-P802,EVODEX-P641,EVODEX-P1250,EVODEX-P105,EVODEX-P1443,EVODEX-P931,EVODEX-P564"
EVODEX-M64,634.28727,EVODEX-P106
EVODEX-M65,776.26315,"EVODEX-P107,EVODEX-P1375"
EVODEX-M66,162.0528,"EVODEX-P514,EVODEX-P515,EVODEX-P731,EVODEX-P1744,EVODEX-P245,EVODEX-P1876,EVODEX-P1310,EVODEX-P784,EVODEX-P1366,EVODEX-P1853,EVODEX-P671,EVODEX-P427,EVODEX-P1086,EVODEX-P1594,EVODEX-P114"
EVODEX-M67,70.04188,"EVODEX-P116,EVODEX-P1030"
EVODEX-M68,-114.03168,"EVODEX-P117,EVODEX-P959"
EVODEX-M69,31.04225,EVODEX-P118
EVODEX-M70,-767.1154799999999,"EVODEX-P1379,EVODEX-P142,EVODEX-P609,EVODEX-P1113,EVODEX-P307,EVODEX-P832,EVODEX-P507"
EVODEX-M72,-736.07323,EVODEX-P122
EVODEX-M73,-27.9949,"EVODEX-P289,EVODEX-P698,EVODEX-P469,EVODEX-P1371,EVODEX-P590,EVODEX-P905,EVODEX-P1612,EVODEX-P895,EVODEX-P1133,EVODEX-P1769,EVODEX-P458,EVODEX-P778"
EVODEX-M74,-31.04225,EVODEX-P124
EVODEX-M75,114.03168,"EVODEX-P962,EVODEX-P125"
EVODEX-M76,-811.10528,"EVODEX-P1126,EVODEX-P126"
EVODEX-M78,17.00273,"EVODEX-P1277,EVODEX-P1864"
EVODEX-M79,134.02295999999998,EVODEX-P132
EVODEX-M80,-324.03588999999994,EVODEX-P135
EVODEX-M81,121.01639,"EVODEX-P555,EVODEX-P136"
EVODEX-M82,-121.01639,"EVODEX-P986,EVODEX-P503,EVODEX-P138,EVODEX-P355,EVODEX-P557,EVODEX-P1020,EVODEX-P1649,EVODEX-P912,EVODEX-P1787,EVODEX-P757"
EVODEX-M83,-238.2298,EVODEX-P141
EVODEX-M84,238.2298,"EVODEX-P143,EVODEX-P1381,EVODEX-P630"
EVODEX-M85,-605.0024000000001,EVODEX-P144
EVODEX-M86,162.11308,EVODEX-P145
EVODEX-M87,-75.03205000000001,"EVODEX-P1216,EVODEX-P147"
EVODEX-M88,57.05791000000001,EVODEX-P148
EVODEX-M89,42.02186,EVODEX-P149
EVODEX-M90,-27.01093,"EVODEX-P400,EVODEX-P966,EVODEX-P150"
EVODEX-M91,132.08996,"EVODEX-P151,EVODEX-P1542"
EVODEX-M92,181.04093,EVODEX-P153
EVODEX-M94,163.03036999999998,EVODEX-P158
EVODEX-M96,-15.9949,"EVODEX-P1711,EVODEX-P772,EVODEX-P1601,EVODEX-P164,EVODEX-P1169,EVODEX-P1188,EVODEX-P1669,EVODEX-P1765,EVODEX-P950,EVODEX-P439,EVODEX-P341,EVODEX-P1467,EVODEX-P1747"
EVODEX-M97,14.98707,EVODEX-P483
EVODEX-M98,-29.97414,"EVODEX-P383,EVODEX-P163"
EVODEX-M99,-167.98235000000005,"EVODEX-P165,EVODEX-P435"
EVODEX-M100,-142.07430000000002,EVODEX-P169
EVODEX-M101,-108.05754,"EVODEX-P170,EVODEX-P1155"
EVODEX-M102,87.03205000000001,"EVODEX-P1689,EVODEX-P171,EVODEX-P1859,EVODEX-P202"
EVODEX-M103,142.07430000000002,EVODEX-P172
EVODEX-M104,195.08959,EVODEX-P173
EVODEX-M105,118.04188,"EVODEX-P180,EVODEX-P937"
EVODEX-M106,-100.03132,EVODEX-P181
EVODEX-M107,18.99453,"EVODEX-P333,EVODEX-P183"
EVODEX-M108,36.02112,"EVODEX-P334,EVODEX-P184,EVODEX-P1519"
EVODEX-M109,-168.04224,EVODEX-P187
EVODEX-M110,-150.03168,EVODEX-P189
EVODEX-M111,-330.03663,EVODEX-P193
EVODEX-M112,330.03663,EVODEX-P195
EVODEX-M113,-135.03547,"EVODEX-P1536,EVODEX-P201"
EVODEX-M114,-117.02491,EVODEX-P203
EVODEX-M115,82.08647,"EVODEX-P208,EVODEX-P1361,EVODEX-P1620"
EVODEX-M116,260.02969,"EVODEX-P786,EVODEX-P1097,EVODEX-P750,EVODEX-P1621,EVODEX-P1362,EVODEX-P209"
EVODEX-M120,-763.0841599999999,EVODEX-P213
EVODEX-M121,4.03132,"EVODEX-P1794,EVODEX-P214"
EVODEX-M122,-144.04224,EVODEX-P215
EVODEX-M123,-455.15553,EVODEX-P218
EVODEX-M124,-212.00857,"EVODEX-P234,EVODEX-P1464,EVODEX-P224,EVODEX-P1003"
EVODEX-M125,212.00857,"EVODEX-P366,EVODEX-P226,EVODEX-P1052,EVODEX-P236"
EVODEX-M126,-41.9046,EVODEX-P227
EVODEX-M127,136.03861999999998,EVODEX-P228
EVODEX-M128,-90.03168000000001,"EVODEX-P379,EVODEX-P996,EVODEX-P230"
EVODEX-M129,-169.99801000000002,"EVODEX-P319,EVODEX-P317,EVODEX-P232"
EVODEX-M130,-137.04771,EVODEX-P235
EVODEX-M131,40.89550999999999,EVODEX-P237
EVODEX-M132,177.94322,"EVODEX-P1465,EVODEX-P722,EVODEX-P238,EVODEX-P1256,EVODEX-P1685,EVODEX-P746"
EVODEX-M133,-427.02955,"EVODEX-P1107,EVODEX-P1183,EVODEX-P1448,EVODEX-P292,EVODEX-P1095,EVODEX-P1560,EVODEX-P1200,EVODEX-P580,EVODEX-P240,EVODEX-P688,EVODEX-P585,EVODEX-P1555,EVODEX-P748,EVODEX-P1771,EVODEX-P1677,EVODEX-P1023,EVODEX-P1269"
EVODEX-M134,-63.97143,EVODEX-P242
EVODEX-M135,363.05812,"EVODEX-P243,EVODEX-P1044"
EVODEX-M136,166.99986,EVODEX-P256
EVODEX-M137,100.01602,"EVODEX-P261,EVODEX-P1894,EVODEX-P508"
EVODEX-M138,309.00297,EVODEX-P263
EVODEX-M145,-100.01602,"EVODEX-P1148,EVODEX-P1192,EVODEX-P506"
EVODEX-M146,749.10492,"EVODEX-P272,EVODEX-P712"
EVODEX-M147,-197.99291,"EVODEX-P829,EVODEX-P273"
EVODEX-M148,1176.13447,EVODEX-P274
EVODEX-M149,167.98235000000005,"EVODEX-P276,EVODEX-P1168"
EVODEX-M150,136.05244,"EVODEX-P1614,EVODEX-P279"
EVODEX-M151,43.9898,"EVODEX-P1069,EVODEX-P1205,EVODEX-P280"
EVODEX-M152,-485.28517,EVODEX-P282
EVODEX-M153,-175.06337,"EVODEX-P852,EVODEX-P283,EVODEX-P888"
EVODEX-M154,485.28517,EVODEX-P284
EVODEX-M155,-157.05281,"EVODEX-P890,EVODEX-P854,EVODEX-P285"
EVODEX-M156,-88.01602,"EVODEX-P287,EVODEX-P915,EVODEX-P421,EVODEX-P664"
EVODEX-M157,-367.00843,EVODEX-P293
EVODEX-M158,60.02112,"EVODEX-P896,EVODEX-P295,EVODEX-P493"
EVODEX-M159,72.02112,EVODEX-P297
EVODEX-M160,723.3047700000001,EVODEX-P298
EVODEX-M161,44.02622,"EVODEX-P396,EVODEX-P303"
EVODEX-M162,75.03205,"EVODEX-P411,EVODEX-P304"
EVODEX-M163,-29.00273,"EVODEX-P1240,EVODEX-P306,EVODEX-P1550,EVODEX-P1581,EVODEX-P993,EVODEX-P1647,EVODEX-P649,EVODEX-P378,EVODEX-P646"
EVODEX-M164,42.01056,"EVODEX-P651,EVODEX-P997,EVODEX-P834,EVODEX-P308,EVODEX-P1122,EVODEX-P1551,EVODEX-P1125,EVODEX-P491"
EVODEX-M165,-352.89988,EVODEX-P309
EVODEX-M166,414.2156,EVODEX-P310
EVODEX-M167,-403.01825,"EVODEX-P313,EVODEX-P1544,EVODEX-P1879,EVODEX-P670"
EVODEX-M168,-183.90754,EVODEX-P314
EVODEX-M169,219.11071,EVODEX-P316
EVODEX-M170,150.00016,EVODEX-P324
EVODEX-M171,-150.00016,EVODEX-P326
EVODEX-M172,-97.01639,EVODEX-P331
EVODEX-M173,158.10522999999998,EVODEX-P338
EVODEX-M174,336.04844999999995,EVODEX-P339
EVODEX-M175,-128.01092,EVODEX-P340
EVODEX-M177,130.02658,"EVODEX-P1713,EVODEX-P344"
EVODEX-M179,1.0316900000000002,"EVODEX-P1172,EVODEX-P389,EVODEX-P1479,EVODEX-P1314,EVODEX-P347,EVODEX-P561"
EVODEX-M181,19.04225,"EVODEX-P349,EVODEX-P1175"
EVODEX-M183,258.01403,EVODEX-P362
EVODEX-M184,-65.9159,EVODEX-P367
EVODEX-M185,112.02732,EVODEX-P368
EVODEX-M186,-72.02112,"EVODEX-P964,EVODEX-P994,EVODEX-P372,EVODEX-P955"
EVODEX-M188,59.07357,EVODEX-P384
EVODEX-M189,-133.03751,"EVODEX-P563,EVODEX-P386"
EVODEX-M192,-59.07357,EVODEX-P391
EVODEX-M193,88.01602,"EVODEX-P423,EVODEX-P392,EVODEX-P1460,EVODEX-P1774"
EVODEX-M194,29.97414,EVODEX-P393
EVODEX-M195,-57.02149000000001,"EVODEX-P900,EVODEX-P1218,EVODEX-P394"
EVODEX-M196,-102.03168,"EVODEX-P397,EVODEX-P775"
EVODEX-M197,-136.05244,"EVODEX-P1611,EVODEX-P398"
EVODEX-M198,-402.02298,"EVODEX-P1852,EVODEX-P783,EVODEX-P403"
EVODEX-M199,-150.92099000000002,EVODEX-P405
EVODEX-M200,251.10199,EVODEX-P407
EVODEX-M201,106.04188,EVODEX-P412
EVODEX-M202,150.0528,EVODEX-P414
EVODEX-M203,248.02969,EVODEX-P415
EVODEX-M204,230.01913,EVODEX-P583
EVODEX-M205,-70.00546,"EVODEX-P666,EVODEX-P422"
EVODEX-M206,-404.00222,"EVODEX-P1753,EVODEX-P1659,EVODEX-P725,EVODEX-P1225,EVODEX-P1308,EVODEX-P1287,EVODEX-P426,EVODEX-P1084,EVODEX-P1364,EVODEX-P1731"
EVODEX-M207,-223.93886,EVODEX-P428
EVODEX-M208,180.06336000000002,"EVODEX-P1223,EVODEX-P673,EVODEX-P429,EVODEX-P1110"
EVODEX-M209,-96.96906,"EVODEX-P1652,EVODEX-P431"
EVODEX-M211,394.18538,EVODEX-P442
EVODEX-M214,376.17482,EVODEX-P447
EVODEX-M215,135.01823000000002,EVODEX-P452
EVODEX-M216,-135.01823000000002,EVODEX-P454
EVODEX-M217,-256.10598,EVODEX-P466
EVODEX-M219,-763.10186,EVODEX-P468
EVODEX-M220,-182.0579,EVODEX-P471
EVODEX-M221,90.03168000000001,EVODEX-P474
EVODEX-M222,46.00546,"EVODEX-P656,EVODEX-P476"
EVODEX-M226,-4.03132,EVODEX-P484
EVODEX-M227,601.0459300000001,EVODEX-P487
EVODEX-M228,-59.9847,"EVODEX-P489,EVODEX-P770"
EVODEX-M229,71.9847,EVODEX-P492
EVODEX-M230,-102.05554,EVODEX-P494
EVODEX-M231,-298.09758,EVODEX-P495
EVODEX-M232,-469.14311,EVODEX-P500
EVODEX-M233,-139.02695,"EVODEX-P984,EVODEX-P910,EVODEX-P501,EVODEX-P1018,EVODEX-P1648,EVODEX-P1785"
EVODEX-M234,469.14311,EVODEX-P502
EVODEX-M235,-749.10492,"EVODEX-P1138,EVODEX-P509"
EVODEX-M236,342.11616,"EVODEX-P516,EVODEX-P1755,EVODEX-P885,EVODEX-P1908"
EVODEX-M237,-374.28224,EVODEX-P518
EVODEX-M238,-125.01471,EVODEX-P519
EVODEX-M239,374.28224,EVODEX-P520
EVODEX-M240,-107.00415,EVODEX-P521
EVODEX-M241,-425.01389,EVODEX-P528
EVODEX-M242,425.01389,"EVODEX-P530,EVODEX-P538"
EVODEX-M243,-295.97128000000004,EVODEX-P535
EVODEX-M244,-147.05317,"EVODEX-P1702,EVODEX-P1302"
EVODEX-M245,227.0195,EVODEX-P537
EVODEX-M246,129.04261,EVODEX-P1839
EVODEX-M247,-442.04048,EVODEX-P540
EVODEX-M253,-129.04261,"EVODEX-P1822,EVODEX-P551"
EVODEX-M254,-150.0528,"EVODEX-P1801,EVODEX-P554"
EVODEX-M255,-132.04224,"EVODEX-P1283,EVODEX-P1286,EVODEX-P1803,EVODEX-P1534,EVODEX-P556"
EVODEX-M256,-146.02147999999997,"EVODEX-P560,EVODEX-P1313"
EVODEX-M257,147.05317,"EVODEX-P566,EVODEX-P1318"
EVODEX-M258,132.00582,EVODEX-P567
EVODEX-M259,204.08996,EVODEX-P575
EVODEX-M260,31.9898,"EVODEX-P576,EVODEX-P1615"
EVODEX-M261,-197.01042,EVODEX-P582
EVODEX-M262,-215.93376,EVODEX-P587
EVODEX-M263,211.09579,EVODEX-P588
EVODEX-M264,-338.06285,EVODEX-P591
EVODEX-M265,27.9949,"EVODEX-P861,EVODEX-P592,EVODEX-P696,EVODEX-P1374"
EVODEX-M266,107.10834,EVODEX-P593
EVODEX-M267,445.17119,EVODEX-P594
EVODEX-M268,-97.05281,"EVODEX-P1494,EVODEX-P596"
EVODEX-M269,-195.08959,EVODEX-P597
EVODEX-M270,97.05281,EVODEX-P598
EVODEX-M271,108.05754,"EVODEX-P600,EVODEX-P1662"
EVODEX-M272,-138.04298,"EVODEX-P969,EVODEX-P1635,EVODEX-P1436,EVODEX-P602"
EVODEX-M273,382.19668,EVODEX-P603
EVODEX-M274,-120.03242,"EVODEX-P604,EVODEX-P1637,EVODEX-P971"
EVODEX-M275,-382.19668,EVODEX-P605
EVODEX-M276,-680.31322,EVODEX-P608
EVODEX-M277,680.31322,EVODEX-P610
EVODEX-M278,-494.89792,EVODEX-P611
EVODEX-M279,272.21756,EVODEX-P612
EVODEX-M280,211.0246,EVODEX-P616
EVODEX-M281,22.94484,EVODEX-P618
EVODEX-M282,309.00149,EVODEX-P620
EVODEX-M284,-484.05104,EVODEX-P622
EVODEX-M289,57.02149000000001,"EVODEX-P902,EVODEX-P629"
EVODEX-M291,765.0998199999999,EVODEX-P634
EVODEX-M293,-15.02349,EVODEX-P636
EVODEX-M294,137.02385,EVODEX-P638
EVODEX-M295,-385.12963,"EVODEX-P930,EVODEX-P639,EVODEX-P1248"
EVODEX-M296,-247.09795,EVODEX-P640
EVODEX-M298,-183.08959,EVODEX-P645
EVODEX-M299,232.03479,EVODEX-P657
EVODEX-M301,-84.05754,EVODEX-P663
EVODEX-M302,84.05754,EVODEX-P665
EVODEX-M303,-222.95489,EVODEX-P672
EVODEX-M304,-393.02409000000006,EVODEX-P677
EVODEX-M305,393.02409000000006,EVODEX-P679
EVODEX-M306,157.12126,EVODEX-P684
EVODEX-M307,335.06447999999995,EVODEX-P686
EVODEX-M308,-252.91773,EVODEX-P690
EVODEX-M309,174.11182000000002,EVODEX-P691
EVODEX-M310,-445.17119,EVODEX-P695
EVODEX-M311,-159.11453999999998,EVODEX-P697
EVODEX-M312,286.05665000000005,EVODEX-P699
EVODEX-M313,-87.27655999999999,EVODEX-P702
EVODEX-M315,416.32922,EVODEX-P704
EVODEX-M321,1096.1681399999998,EVODEX-P715
EVODEX-M322,-594.27244,EVODEX-P716
EVODEX-M323,-68.06264,EVODEX-P718
EVODEX-M324,-204.08996,EVODEX-P719
EVODEX-M325,68.06264,EVODEX-P720
EVODEX-M326,-26.14674000000001,EVODEX-P721
EVODEX-M327,-176.03204,"EVODEX-P724,EVODEX-P1154"
EVODEX-M328,-107.8245,EVODEX-P726
EVODEX-M329,176.03204,"EVODEX-P1226,EVODEX-P1156,EVODEX-P727"
EVODEX-M330,296.17772,EVODEX-P728
EVODEX-M331,411.03465000000006,EVODEX-P740
EVODEX-M332,-216.03989,EVODEX-P742
EVODEX-M333,305.04135999999994,"EVODEX-P743,EVODEX-P848,EVODEX-P1695"
EVODEX-M334,-38.09667,EVODEX-P744
EVODEX-M335,-305.04136,"EVODEX-P845,EVODEX-P745,EVODEX-P840"
EVODEX-M336,-166.99986,"EVODEX-P749,EVODEX-P1222,EVODEX-P1096"
EVODEX-M337,100.02732,EVODEX-P754
EVODEX-M338,374.10014,EVODEX-P762
EVODEX-M340,256.07356,EVODEX-P765
EVODEX-M342,-70.04188,EVODEX-P1028
EVODEX-M345,-12.0,EVODEX-P1613
EVODEX-M347,86.03678000000001,EVODEX-P780
EVODEX-M348,-141.99329,EVODEX-P785
EVODEX-M349,-265.08123,"EVODEX-P1128,EVODEX-P788"
EVODEX-M350,265.08123,"EVODEX-P1130,EVODEX-P790"
EVODEX-M351,321.98546,EVODEX-P795
EVODEX-M352,-321.98546,EVODEX-P797
EVODEX-M353,-703.2564100000001,EVODEX-P801
EVODEX-M354,-568.22094,EVODEX-P803
EVODEX-M355,135.03547,EVODEX-P804
EVODEX-M356,-504.16896,"EVODEX-P1412,EVODEX-P808,EVODEX-P1322"
EVODEX-M357,-486.1584,"EVODEX-P1323,EVODEX-P809"
EVODEX-M358,-666.22176,"EVODEX-P1387,EVODEX-P814"
EVODEX-M359,-648.2112,EVODEX-P815
EVODEX-M360,-443.02445000000006,"EVODEX-P1012,EVODEX-P1473,EVODEX-P1874"
EVODEX-M361,324.99787,EVODEX-P820
EVODEX-M362,-324.99787,EVODEX-P1150
EVODEX-M364,1192.12937,EVODEX-P830
EVODEX-M365,-458.00951,EVODEX-P833
EVODEX-M366,309.10597,EVODEX-P835
EVODEX-M367,-166.06339,"EVODEX-P1331,EVODEX-P837"
EVODEX-M368,-323.05192,EVODEX-P838
EVODEX-M369,166.06339,EVODEX-P839
EVODEX-M370,173.17331,EVODEX-P847
EVODEX-M371,351.11652999999995,EVODEX-P849
EVODEX-M372,-437.20651,EVODEX-P851
EVODEX-M373,437.20651,EVODEX-P853
EVODEX-M374,305.06825,EVODEX-P857
EVODEX-M377,-130.02658,"EVODEX-P1500,EVODEX-P874"
EVODEX-M378,128.01092,EVODEX-P877
EVODEX-M379,-291.09541,EVODEX-P881
EVODEX-M380,291.09541,EVODEX-P883
EVODEX-M381,-446.2393,EVODEX-P887
EVODEX-M382,446.2393,EVODEX-P889
EVODEX-M383,-60.02112,"EVODEX-P1000,EVODEX-P1858,EVODEX-P894"
EVODEX-M384,126.00821,EVODEX-P897
EVODEX-M385,169.99801000000002,EVODEX-P898
EVODEX-M386,-685.3842299999999,EVODEX-P901
EVODEX-M387,-667.3736700000001,EVODEX-P903
EVODEX-M388,-160.10016000000002,EVODEX-P907
EVODEX-M389,-57.98776,EVODEX-P909
EVODEX-M390,57.98776,EVODEX-P911
EVODEX-M391,339.01353000000006,EVODEX-P916
EVODEX-M392,-888.48222,EVODEX-P920
EVODEX-M393,-259.15333,EVODEX-P921
EVODEX-M394,888.48222,EVODEX-P922
EVODEX-M395,-241.14277,EVODEX-P923
EVODEX-M396,-55.04225,EVODEX-P925
EVODEX-M397,366.18192,EVODEX-P929
EVODEX-M398,-17.939879999999995,EVODEX-P932
EVODEX-M399,-118.04188,EVODEX-P934
EVODEX-M400,164.02222,EVODEX-P936
EVODEX-M401,182.03278,EVODEX-P938
EVODEX-M402,183.08959,EVODEX-P942
EVODEX-M404,165.07903,"EVODEX-P1484,EVODEX-P946,EVODEX-P1704"
EVODEX-M406,-114.04298,"EVODEX-P951,EVODEX-P1896"
EVODEX-M407,-723.3047700000001,EVODEX-P957
EVODEX-M408,254.03620000000004,EVODEX-P961
EVODEX-M409,272.04675999999995,EVODEX-P963
EVODEX-M410,-366.2382,EVODEX-P968
EVODEX-M411,366.2382,EVODEX-P970
EVODEX-M412,-79.97586,EVODEX-P980
EVODEX-M413,97.96736,EVODEX-P981
EVODEX-M414,-126.10452,EVODEX-P983
EVODEX-M415,126.10452,EVODEX-P985
EVODEX-M416,-188.00857,EVODEX-P995
EVODEX-M417,-82.08647,"EVODEX-P1255,EVODEX-P1007"
EVODEX-M418,-186.91847,EVODEX-P1014
EVODEX-M419,256.10598,EVODEX-P1015
EVODEX-M420,-283.03619,EVODEX-P1017
EVODEX-M421,283.03619,EVODEX-P1019
EVODEX-M422,-104.9729,EVODEX-P1024
EVODEX-M423,322.05665,EVODEX-P1026
EVODEX-M424,-230.01913,EVODEX-P1041
EVODEX-M425,133.03899,EVODEX-P1042
EVODEX-M426,159.93266,EVODEX-P1043
EVODEX-M427,-26.893669999999997,EVODEX-P1051
EVODEX-M428,151.04955,EVODEX-P1053
EVODEX-M429,-147.17373,EVODEX-P1055
EVODEX-M430,-129.16316999999998,EVODEX-P1056
EVODEX-M433,-57.05791000000001,EVODEX-P1062
EVODEX-M434,55.04225,EVODEX-P1065
EVODEX-M435,365.02919,EVODEX-P1071
EVODEX-M437,-51.97143,EVODEX-P1455
EVODEX-M440,-339.01353000000006,EVODEX-P1772
EVODEX-M441,70.00546,EVODEX-P1080
EVODEX-M442,-141.96669,EVODEX-P1081
EVODEX-M443,497.03501000000006,EVODEX-P1082
EVODEX-M444,-239.91846,EVODEX-P1085
EVODEX-M445,164.08376,EVODEX-P1087
EVODEX-M446,-226.059,EVODEX-P1089
EVODEX-M447,226.059,EVODEX-P1091
EVODEX-M448,-345.0475599999999,"EVODEX-P1358,EVODEX-P1092,EVODEX-P1234,EVODEX-P1790"
EVODEX-M449,-165.07903,EVODEX-P1101
EVODEX-M450,156.10126,EVODEX-P1102
EVODEX-M451,-147.06847,"EVODEX-P1103,EVODEX-P1491"
EVODEX-M452,-156.10126,"EVODEX-P1104,EVODEX-P1353"
EVODEX-M453,-246.96619,EVODEX-P1109
EVODEX-M454,-350.35508,EVODEX-P1112
EVODEX-M455,350.35508,EVODEX-P1114
EVODEX-M456,-449.82231,EVODEX-P1115
EVODEX-M457,317.29317,EVODEX-P1116
EVODEX-M458,-1.9792399999999997,EVODEX-P1117
EVODEX-M459,809.1260400000001,EVODEX-P1118
EVODEX-M461,-809.1260400000001,EVODEX-P1124
EVODEX-M462,-137.08413000000002,EVODEX-P1135
EVODEX-M464,-1192.12937,EVODEX-P1144
EVODEX-M467,197.99291,EVODEX-P1152
EVODEX-M468,-90.04698,EVODEX-P1157
EVODEX-M469,104.03752,EVODEX-P1160
EVODEX-M472,95.96123,EVODEX-P1167
EVODEX-M474,173.06883,EVODEX-P1176
EVODEX-M476,-171.05317,EVODEX-P1178
EVODEX-M477,287.27142999999995,"EVODEX-P1201,EVODEX-P1184"
EVODEX-M478,714.30098,"EVODEX-P1203,EVODEX-P1186,EVODEX-P1382"
EVODEX-M481,112.08886,EVODEX-P1196
EVODEX-M482,62.01679,EVODEX-P1206
EVODEX-M484,-131.04057,EVODEX-P1215
EVODEX-M485,131.04057,EVODEX-P1217
EVODEX-M486,-163.95997999999997,EVODEX-P1227
EVODEX-M487,240.04224,EVODEX-P1228
EVODEX-M488,-441.04521,EVODEX-P1231
EVODEX-M489,441.04521,EVODEX-P1233
EVODEX-M490,117.05791,"EVODEX-P1842,EVODEX-P1691,EVODEX-P1237"
EVODEX-M491,-271.06919,EVODEX-P1241
EVODEX-M492,-253.05863,EVODEX-P1242
EVODEX-M493,74.02422,EVODEX-P1247
EVODEX-M494,-310.09758,EVODEX-P1249
EVODEX-M495,-632.3034,EVODEX-P1258
EVODEX-M496,632.3034,EVODEX-P1260
EVODEX-M497,394.12384,EVODEX-P1261
EVODEX-M498,412.1344,EVODEX-P1262
EVODEX-M499,-237.96582,EVODEX-P1270
EVODEX-M500,189.06373,EVODEX-P1272
EVODEX-M501,455.15553,EVODEX-P1276
EVODEX-M502,132.04224,"EVODEX-P1289,EVODEX-P1284"
EVODEX-M503,-101.95962,EVODEX-P1288
EVODEX-M504,302.0426,EVODEX-P1290
EVODEX-M505,-121.06411,EVODEX-P1294
EVODEX-M506,-176.93539,EVODEX-P1295
EVODEX-M507,46.07151,EVODEX-P1296
EVODEX-M508,122.07194,EVODEX-P1297
EVODEX-M509,224.01473,EVODEX-P1298
EVODEX-M510,-130.06300000000002,EVODEX-P1300
EVODEX-M511,15.958479999999998,EVODEX-P1301
EVODEX-M512,-15.958479999999998,EVODEX-P1303
EVODEX-M513,131.09469,EVODEX-P1305
EVODEX-M514,146.02147999999997,"EVODEX-P1705,EVODEX-P1306"
EVODEX-M515,-103.93886,EVODEX-P1309
EVODEX-M516,300.06336,EVODEX-P1311
EVODEX-M517,37.95577,EVODEX-P1315
EVODEX-M518,-185.00894,EVODEX-P1316
EVODEX-M519,-37.95577,EVODEX-P1317
EVODEX-M520,183.97725,EVODEX-P1319
EVODEX-M521,-116.04734,EVODEX-P1328
EVODEX-M522,-184.07395,EVODEX-P1329
EVODEX-M523,116.04734,EVODEX-P1330
EVODEX-M525,127.14751,EVODEX-P1338
EVODEX-M526,554.17706,EVODEX-P1340
EVODEX-M532,-387.05024,EVODEX-P1348
EVODEX-M533,119.94564,EVODEX-P1349
EVODEX-M534,289.07335,EVODEX-P1350
EVODEX-M536,-903.46073,EVODEX-P1354
EVODEX-M537,-885.4501699999998,EVODEX-P1355
EVODEX-M538,345.0475599999999,"EVODEX-P1360,EVODEX-P1792"
EVODEX-M539,-205.94942,EVODEX-P1365
EVODEX-M540,198.0528,EVODEX-P1367
EVODEX-M541,-748.2804199999999,EVODEX-P1372
EVODEX-M542,27.98273,EVODEX-P1373
EVODEX-M543,-52.8145,EVODEX-P1380
EVODEX-M544,-568.24487,EVODEX-P1388
EVODEX-M545,-157.08523,"EVODEX-P1398,EVODEX-P1524"
EVODEX-M547,157.08523,EVODEX-P1526
EVODEX-M548,-406.19207000000006,EVODEX-P1413
EVODEX-M549,-131.06957,EVODEX-P1419
EVODEX-M550,295.95998000000003,EVODEX-P1420
EVODEX-M552,136.02732,EVODEX-P1439
EVODEX-M553,-443.15553,EVODEX-P1442
EVODEX-M554,-135.11454,EVODEX-P1444
EVODEX-M555,308.04099,EVODEX-P1445
EVODEX-M556,-79.9568,EVODEX-P1447
EVODEX-M557,-29.907560000000004,EVODEX-P1449
EVODEX-M558,79.9568,EVODEX-P1450
EVODEX-M559,397.12199,EVODEX-P1451
EVODEX-M560,471.01935,EVODEX-P1456
EVODEX-M561,-136.03861999999998,EVODEX-P1462
EVODEX-M562,41.9046,EVODEX-P1463
EVODEX-M564,-258.01403,EVODEX-P1471
EVODEX-M565,126.26654,EVODEX-P1474
EVODEX-M566,569.29099,EVODEX-P1476
EVODEX-M567,-164.04734,"EVODEX-P1478,EVODEX-P1700"
EVODEX-M568,-60.03642,EVODEX-P1480
EVODEX-M569,-105.04261,EVODEX-P1481
EVODEX-M570,60.03642,EVODEX-P1482
EVODEX-M571,104.01092,EVODEX-P1485
EVODEX-M572,-115.06337,EVODEX-P1492
EVODEX-M573,147.06847,EVODEX-P1493
EVODEX-M574,152.12018,EVODEX-P1497
EVODEX-M575,-148.12128,EVODEX-P1503
EVODEX-M577,-130.11072,EVODEX-P1505
EVODEX-M580,100.0763,EVODEX-P1516
EVODEX-M581,-45.05791000000001,EVODEX-P1525
EVODEX-M582,-27.04735,EVODEX-P1527
EVODEX-M583,187.06679,EVODEX-P1531
EVODEX-M584,205.07735,EVODEX-P1533
EVODEX-M585,-43.00583,EVODEX-P1538
EVODEX-M586,43.00583,EVODEX-P1540
EVODEX-M587,34.11307000000001,EVODEX-P1541
EVODEX-M588,239.89899,EVODEX-P1545
EVODEX-M589,-135.92136,EVODEX-P1546
EVODEX-M590,-239.89899,EVODEX-P1547
EVODEX-M591,267.09689000000003,EVODEX-P1548
EVODEX-M592,-250.93849,EVODEX-P1557
EVODEX-M593,176.09106,EVODEX-P1558
EVODEX-M594,347.06322,"EVODEX-P1563,EVODEX-P1882"
EVODEX-M595,525.13752,EVODEX-P1565
EVODEX-M596,427.16063,EVODEX-P1569
EVODEX-M597,-455.02445000000006,EVODEX-P1570
EVODEX-M601,51.97143,EVODEX-P1578
EVODEX-M602,-215.05592,EVODEX-P1582
EVODEX-M603,-197.04536,EVODEX-P1583
EVODEX-M604,149.08413,EVODEX-P1604
EVODEX-M605,167.09469,EVODEX-P1607
EVODEX-M606,-304.04608999999994,EVODEX-P1617
EVODEX-M607,304.04609,EVODEX-P1619
EVODEX-M608,-143.07357,EVODEX-P1623
EVODEX-M609,250.09542,EVODEX-P1624
EVODEX-M610,-125.06301,EVODEX-P1625
EVODEX-M611,-250.09542,EVODEX-P1626
EVODEX-M612,-154.03953,EVODEX-P1629
EVODEX-M613,166.00146,"EVODEX-P1630,EVODEX-P1802"
EVODEX-M614,-136.02897000000002,EVODEX-P1631
EVODEX-M615,-166.00146,"EVODEX-P1800,EVODEX-P1632"
EVODEX-M616,154.07430000000002,EVODEX-P1636
EVODEX-M617,-154.07430000000002,EVODEX-P1638
EVODEX-M618,-250.06882,EVODEX-P1641
EVODEX-M619,250.06882,EVODEX-P1643
EVODEX-M621,-552.21668,EVODEX-P1658
EVODEX-M622,552.21668,EVODEX-P1660
EVODEX-M623,-295.94468,EVODEX-P1661
EVODEX-M626,100.06774,EVODEX-P1670
EVODEX-M628,118.0783,EVODEX-P1673
EVODEX-M629,-199.93886,EVODEX-P1679
EVODEX-M630,227.09069,EVODEX-P1680
EVODEX-M631,-301.05628,EVODEX-P1682
EVODEX-M632,-123.11306,EVODEX-P1683
EVODEX-M633,99.04735,EVODEX-P1690
EVODEX-M634,-36.92408,EVODEX-P1694
EVODEX-M635,141.01914,EVODEX-P1696
EVODEX-M636,-18.02586,EVODEX-P1701
EVODEX-M637,18.02586,EVODEX-P1703
EVODEX-M638,148.12128,EVODEX-P1710
EVODEX-M641,130.11072,EVODEX-P1716
EVODEX-M642,-312.1475,EVODEX-P1719
EVODEX-M643,213.12275,EVODEX-P1720
EVODEX-M644,-294.13694,EVODEX-P1721
EVODEX-M645,-213.12275,EVODEX-P1722
EVODEX-M646,-134.02295999999998,EVODEX-P1727
EVODEX-M647,-297.97564,EVODEX-P1732
EVODEX-M648,106.02658,EVODEX-P1734
EVODEX-M650,160.03713999999997,EVODEX-P1739
EVODEX-M651,486.1584,EVODEX-P1743
EVODEX-M652,666.22176,EVODEX-P1745
EVODEX-M654,-118.05318,EVODEX-P1751
EVODEX-M655,-61.88606,EVODEX-P1754
EVODEX-M657,150.01786,EVODEX-P1761
EVODEX-M658,-587.06669,EVODEX-P1775
EVODEX-M659,-185.99291,EVODEX-P1780
EVODEX-M660,241.03664,EVODEX-P1781
EVODEX-M661,-146.05790000000002,EVODEX-P1784
EVODEX-M662,146.05790000000002,EVODEX-P1786
EVODEX-M664,13.126350000000002,EVODEX-P1809
EVODEX-M665,520.12223,EVODEX-P1810
EVODEX-M667,-556.07216,EVODEX-P1813
EVODEX-M670,-422.14534,EVODEX-P1820
EVODEX-M671,279.97638,EVODEX-P1838
EVODEX-M675,-227.0195,EVODEX-P1832
EVODEX-M678,-0.9839699999999996,EVODEX-P1836
EVODEX-M679,426.04558,EVODEX-P1840
EVODEX-M680,-117.05791,EVODEX-P1843
EVODEX-M681,-99.04735,EVODEX-P1844
EVODEX-M682,188.00857,EVODEX-P1845
EVODEX-M683,82.96596,EVODEX-P1849
EVODEX-M684,-262.99603,EVODEX-P1854
EVODEX-M685,139.02695,EVODEX-P1855
EVODEX-M686,-26.03336,EVODEX-P1860
EVODEX-M687,33.98776,EVODEX-P1861
EVODEX-M688,-542.06906,EVODEX-P1862
EVODEX-M689,-123.05591,EVODEX-P1865
EVODEX-M690,-105.04535,EVODEX-P1866
EVODEX-M691,541.06123,EVODEX-P1867
EVODEX-M692,-120.79700000000004,EVODEX-P1875
EVODEX-M693,322.22745,EVODEX-P1877
EVODEX-M694,-55.95503,EVODEX-P1881
EVODEX-M695,-1378.14016,EVODEX-P1884
EVODEX-M696,-322.0324,EVODEX-P1885
EVODEX-M697,1378.14016,EVODEX-P1886
EVODEX-M698,-304.02184,EVODEX-P1887
EVODEX-M700,-278.16316,EVODEX-P1897
EVODEX-M701,114.04298,EVODEX-P1898
EVODEX-M702,-260.1526,EVODEX-P1899
EVODEX-M703,-203.07939,EVODEX-P1904
EVODEX-M704,-221.08995,EVODEX-P1905
EVODEX-M705,203.07939,EVODEX-P1906
EVODEX-M706,121.02621,EVODEX-P1907
