id,smirks,sources
EVODEX-Cm1,[O:1].[C:6]>>[O:1][C:6],"EVODEX-P1,EVODEX-P3,EVODEX-P43,EVODEX-P45,EVODEX-P50,EVODEX-P51,EVODEX-P77,EVODEX-P79,EVODEX-P86,EVODEX-P88,EVODEX-P110,EVODEX-P112,EVODEX-P129,EVODEX-P134,EVODEX-P135,EVODEX-P164,EVODEX-P176,EVODEX-P178,EVODEX-P185,EVODEX-P187,EVODEX-P199,EVODEX-P201,EVODEX-P233,EVODEX-P235,EVODEX-P244,EVODEX-P281,EVODEX-P283,EVODEX-P305,EVODEX-P307,EVODEX-P322,EVODEX-P323,EVODEX-P332,EVODEX-P354,EVODEX-P356,EVODEX-P361,EVODEX-P369,EVODEX-P424,EVODEX-P426,EVODEX-P439,EVODEX-P450,EVODEX-P451,EVODEX-P499,EVODEX-P501,EVODEX-P505,EVODEX-P507,EVODEX-P511,EVODEX-P513,EVODEX-P517,EVODEX-P519,EVODEX-P540,EVODEX-P541,EVODEX-P542,EVODEX-P544,EVODEX-P553,EVODEX-P554,EVODEX-P570,EVODEX-P572,EVODEX-P595,EVODEX-P597,EVODEX-P601,EVODEX-P602,EVODEX-P639,EVODEX-P648,EVODEX-P650,EVODEX-P662,EVODEX-P664,EVODEX-P668,EVODEX-P670,EVODEX-P717,EVODEX-P719,EVODEX-P723,EVODEX-P725,EVODEX-P729,EVODEX-P730,EVODEX-P753,EVODEX-P756,EVODEX-P758,EVODEX-P770,EVODEX-P772,EVODEX-P781,EVODEX-P783,EVODEX-P787,EVODEX-P789,EVODEX-P793,EVODEX-P794,EVODEX-P805,EVODEX-P807,EVODEX-P808,EVODEX-P812,EVODEX-P814,EVODEX-P831,EVODEX-P832,EVODEX-P850,EVODEX-P852,EVODEX-P862,EVODEX-P864,EVODEX-P886,EVODEX-P888,EVODEX-P899,EVODEX-P901,EVODEX-P908,EVODEX-P910,EVODEX-P919,EVODEX-P921,EVODEX-P930,EVODEX-P950,EVODEX-P967,EVODEX-P969,EVODEX-P982,EVODEX-P984,EVODEX-P998,EVODEX-P1004,EVODEX-P1006,EVODEX-P1016,EVODEX-P1018,EVODEX-P1027,EVODEX-P1029,EVODEX-P1033,EVODEX-P1035,EVODEX-P1083,EVODEX-P1084,EVODEX-P1088,EVODEX-P1090,EVODEX-P1098,EVODEX-P1100,EVODEX-P1101,EVODEX-P1127,EVODEX-P1129,EVODEX-P1144,EVODEX-P1145,EVODEX-P1146,EVODEX-P1147,EVODEX-P1153,EVODEX-P1155,EVODEX-P1165,EVODEX-P1197,EVODEX-P1207,EVODEX-P1214,EVODEX-P1216,EVODEX-P1224,EVODEX-P1225,EVODEX-P1239,EVODEX-P1241,EVODEX-P1282,EVODEX-P1285,EVODEX-P1287,EVODEX-P1307,EVODEX-P1308,EVODEX-P1320,EVODEX-P1322,EVODEX-P1327,EVODEX-P1329,EVODEX-P1352,EVODEX-P1354,EVODEX-P1363,EVODEX-P1364,EVODEX-P1385,EVODEX-P1387,EVODEX-P1390,EVODEX-P1391,EVODEX-P1411,EVODEX-P1412,EVODEX-P1461,EVODEX-P1462,EVODEX-P1490,EVODEX-P1492,EVODEX-P1496,EVODEX-P1511,EVODEX-P1580,EVODEX-P1582,EVODEX-P1591,EVODEX-P1593,EVODEX-P1601,EVODEX-P1622,EVODEX-P1623,EVODEX-P1628,EVODEX-P1629,EVODEX-P1634,EVODEX-P1635,EVODEX-P1640,EVODEX-P1642,EVODEX-P1646,EVODEX-P1648,EVODEX-P1657,EVODEX-P1659,EVODEX-P1669,EVODEX-P1718,EVODEX-P1719,EVODEX-P1724,EVODEX-P1725,EVODEX-P1741,EVODEX-P1742,EVODEX-P1752,EVODEX-P1753,EVODEX-P1758,EVODEX-P1783,EVODEX-P1785,EVODEX-P1799,EVODEX-P1801,EVODEX-P1812,EVODEX-P1813,EVODEX-P1816,EVODEX-P1819,EVODEX-P1843,EVODEX-P1846,EVODEX-P1851,EVODEX-P1852,EVODEX-P1865,EVODEX-P1872,EVODEX-P1874,EVODEX-P1883,EVODEX-P1885,EVODEX-P1891,EVODEX-P1895,EVODEX-P1897,EVODEX-P1903,EVODEX-P1905"
EVODEX-Cm2,[O:1]>>[O:1],"EVODEX-P2,EVODEX-P4,EVODEX-P19,EVODEX-P33,EVODEX-P37,EVODEX-P46,EVODEX-P53,EVODEX-P54,EVODEX-P61,EVODEX-P63,EVODEX-P66,EVODEX-P68,EVODEX-P73,EVODEX-P75,EVODEX-P78,EVODEX-P81,EVODEX-P89,EVODEX-P94,EVODEX-P96,EVODEX-P111,EVODEX-P114,EVODEX-P132,EVODEX-P136,EVODEX-P158,EVODEX-P163,EVODEX-P165,EVODEX-P169,EVODEX-P177,EVODEX-P180,EVODEX-P186,EVODEX-P188,EVODEX-P193,EVODEX-P195,EVODEX-P202,EVODEX-P207,EVODEX-P218,EVODEX-P224,EVODEX-P236,EVODEX-P241,EVODEX-P245,EVODEX-P254,EVODEX-P263,EVODEX-P276,EVODEX-P284,EVODEX-P294,EVODEX-P308,EVODEX-P312,EVODEX-P315,EVODEX-P324,EVODEX-P337,EVODEX-P340,EVODEX-P355,EVODEX-P362,EVODEX-P370,EVODEX-P372,EVODEX-P383,EVODEX-P404,EVODEX-P406,EVODEX-P416,EVODEX-P425,EVODEX-P427,EVODEX-P435,EVODEX-P447,EVODEX-P452,EVODEX-P458,EVODEX-P466,EVODEX-P487,EVODEX-P489,EVODEX-P500,EVODEX-P502,EVODEX-P508,EVODEX-P512,EVODEX-P515,EVODEX-P520,EVODEX-P528,EVODEX-P530,EVODEX-P535,EVODEX-P538,EVODEX-P543,EVODEX-P555,EVODEX-P557,EVODEX-P564,EVODEX-P571,EVODEX-P581,EVODEX-P586,EVODEX-P598,EVODEX-P603,EVODEX-P618,EVODEX-P641,EVODEX-P651,EVODEX-P665,EVODEX-P669,EVODEX-P671,EVODEX-P677,EVODEX-P679,EVODEX-P685,EVODEX-P702,EVODEX-P720,EVODEX-P724,EVODEX-P727,EVODEX-P731,EVODEX-P733,EVODEX-P737,EVODEX-P739,EVODEX-P743,EVODEX-P745,EVODEX-P754,EVODEX-P757,EVODEX-P765,EVODEX-P780,EVODEX-P782,EVODEX-P784,EVODEX-P788,EVODEX-P790,EVODEX-P795,EVODEX-P797,EVODEX-P806,EVODEX-P810,EVODEX-P813,EVODEX-P820,EVODEX-P834,EVODEX-P837,EVODEX-P839,EVODEX-P845,EVODEX-P848,EVODEX-P853,EVODEX-P863,EVODEX-P865,EVODEX-P877,EVODEX-P881,EVODEX-P889,EVODEX-P902,EVODEX-P909,EVODEX-P911,EVODEX-P922,EVODEX-P925,EVODEX-P931,EVODEX-P934,EVODEX-P946,EVODEX-P951,EVODEX-P959,EVODEX-P970,EVODEX-P979,EVODEX-P983,EVODEX-P985,EVODEX-P997,EVODEX-P1003,EVODEX-P1005,EVODEX-P1013,EVODEX-P1017,EVODEX-P1019,EVODEX-P1025,EVODEX-P1030,EVODEX-P1034,EVODEX-P1037,EVODEX-P1040,EVODEX-P1043,EVODEX-P1065,EVODEX-P1071,EVODEX-P1086,EVODEX-P1089,EVODEX-P1091,EVODEX-P1099,EVODEX-P1102,EVODEX-P1108,EVODEX-P1128,EVODEX-P1130,EVODEX-P1137,EVODEX-P1150,EVODEX-P1154,EVODEX-P1156,EVODEX-P1160,EVODEX-P1168,EVODEX-P1178,EVODEX-P1185,EVODEX-P1192,EVODEX-P1196,EVODEX-P1202,EVODEX-P1217,EVODEX-P1226,EVODEX-P1231,EVODEX-P1233,EVODEX-P1237,EVODEX-P1240,EVODEX-P1252,EVODEX-P1254,EVODEX-P1258,EVODEX-P1266,EVODEX-P1271,EVODEX-P1276,EVODEX-P1281,EVODEX-P1283,EVODEX-P1284,EVODEX-P1286,EVODEX-P1289,EVODEX-P1294,EVODEX-P1303,EVODEX-P1310,EVODEX-P1317,EVODEX-P1321,EVODEX-P1328,EVODEX-P1330,EVODEX-P1349,EVODEX-P1358,EVODEX-P1360,EVODEX-P1366,EVODEX-P1386,EVODEX-P1392,EVODEX-P1393,EVODEX-P1401,EVODEX-P1439,EVODEX-P1447,EVODEX-P1450,EVODEX-P1471,EVODEX-P1475,EVODEX-P1482,EVODEX-P1493,EVODEX-P1497,EVODEX-P1516,EVODEX-P1522,EVODEX-P1526,EVODEX-P1531,EVODEX-P1533,EVODEX-P1538,EVODEX-P1545,EVODEX-P1547,EVODEX-P1561,EVODEX-P1578,EVODEX-P1581,EVODEX-P1592,EVODEX-P1594,EVODEX-P1604,EVODEX-P1617,EVODEX-P1619,EVODEX-P1624,EVODEX-P1630,EVODEX-P1632,EVODEX-P1636,EVODEX-P1641,EVODEX-P1643,EVODEX-P1647,EVODEX-P1656,EVODEX-P1658,EVODEX-P1660,EVODEX-P1670,EVODEX-P1678,EVODEX-P1684,EVODEX-P1687,EVODEX-P1695,EVODEX-P1703,EVODEX-P1720,EVODEX-P1730,EVODEX-P1733,EVODEX-P1739,EVODEX-P1744,EVODEX-P1751,EVODEX-P1761,EVODEX-P1769,EVODEX-P1775,EVODEX-P1779,EVODEX-P1784,EVODEX-P1786,EVODEX-P1790,EVODEX-P1792,EVODEX-P1800,EVODEX-P1802,EVODEX-P1808,EVODEX-P1809,EVODEX-P1815,EVODEX-P1838,EVODEX-P1853,EVODEX-P1857,EVODEX-P1867,EVODEX-P1873,EVODEX-P1876,EVODEX-P1880,EVODEX-P1884,EVODEX-P1886,EVODEX-P1894,EVODEX-P1898,EVODEX-P1904,EVODEX-P1906"
EVODEX-Cm3,[C:2]>>[C:2],"EVODEX-P5,EVODEX-P9,EVODEX-P11,EVODEX-P35,EVODEX-P47,EVODEX-P52,EVODEX-P80,EVODEX-P90,EVODEX-P106,EVODEX-P113,EVODEX-P116,EVODEX-P122,EVODEX-P131,EVODEX-P137,EVODEX-P138,EVODEX-P143,EVODEX-P144,EVODEX-P148,EVODEX-P155,EVODEX-P171,EVODEX-P183,EVODEX-P189,EVODEX-P203,EVODEX-P227,EVODEX-P237,EVODEX-P272,EVODEX-P280,EVODEX-P285,EVODEX-P289,EVODEX-P303,EVODEX-P309,EVODEX-P325,EVODEX-P333,EVODEX-P347,EVODEX-P357,EVODEX-P367,EVODEX-P384,EVODEX-P389,EVODEX-P394,EVODEX-P396,EVODEX-P398,EVODEX-P412,EVODEX-P428,EVODEX-P431,EVODEX-P440,EVODEX-P453,EVODEX-P483,EVODEX-P491,EVODEX-P492,EVODEX-P503,EVODEX-P509,EVODEX-P514,EVODEX-P521,EVODEX-P549,EVODEX-P556,EVODEX-P561,EVODEX-P565,EVODEX-P566,EVODEX-P567,EVODEX-P593,EVODEX-P599,EVODEX-P604,EVODEX-P611,EVODEX-P616,EVODEX-P634,EVODEX-P640,EVODEX-P652,EVODEX-P663,EVODEX-P666,EVODEX-P672,EVODEX-P697,EVODEX-P712,EVODEX-P718,EVODEX-P721,EVODEX-P726,EVODEX-P732,EVODEX-P759,EVODEX-P773,EVODEX-P774,EVODEX-P778,EVODEX-P785,EVODEX-P791,EVODEX-P796,EVODEX-P803,EVODEX-P809,EVODEX-P815,EVODEX-P833,EVODEX-P854,EVODEX-P857,EVODEX-P870,EVODEX-P884,EVODEX-P890,EVODEX-P897,EVODEX-P903,EVODEX-P905,EVODEX-P912,EVODEX-P923,EVODEX-P932,EVODEX-P936,EVODEX-P944,EVODEX-P961,EVODEX-P964,EVODEX-P971,EVODEX-P986,EVODEX-P994,EVODEX-P1007,EVODEX-P1020,EVODEX-P1031,EVODEX-P1036,EVODEX-P1051,EVODEX-P1056,EVODEX-P1058,EVODEX-P1069,EVODEX-P1073,EVODEX-P1080,EVODEX-P1085,EVODEX-P1092,EVODEX-P1103,EVODEX-P1115,EVODEX-P1117,EVODEX-P1122,EVODEX-P1131,EVODEX-P1133,EVODEX-P1138,EVODEX-P1157,EVODEX-P1167,EVODEX-P1172,EVODEX-P1188,EVODEX-P1198,EVODEX-P1205,EVODEX-P1208,EVODEX-P1218,EVODEX-P1227,EVODEX-P1242,EVODEX-P1249,EVODEX-P1261,EVODEX-P1288,EVODEX-P1296,EVODEX-P1304,EVODEX-P1305,EVODEX-P1306,EVODEX-P1309,EVODEX-P1314,EVODEX-P1318,EVODEX-P1319,EVODEX-P1323,EVODEX-P1331,EVODEX-P1338,EVODEX-P1355,EVODEX-P1365,EVODEX-P1373,EVODEX-P1380,EVODEX-P1388,EVODEX-P1400,EVODEX-P1406,EVODEX-P1413,EVODEX-P1430,EVODEX-P1432,EVODEX-P1443,EVODEX-P1444,EVODEX-P1463,EVODEX-P1467,EVODEX-P1479,EVODEX-P1483,EVODEX-P1484,EVODEX-P1485,EVODEX-P1494,EVODEX-P1502,EVODEX-P1505,EVODEX-P1512,EVODEX-P1541,EVODEX-P1550,EVODEX-P1569,EVODEX-P1583,EVODEX-P1595,EVODEX-P1598,EVODEX-P1625,EVODEX-P1631,EVODEX-P1637,EVODEX-P1644,EVODEX-P1649,EVODEX-P1652,EVODEX-P1661,EVODEX-P1664,EVODEX-P1689,EVODEX-P1690,EVODEX-P1704,EVODEX-P1705,EVODEX-P1716,EVODEX-P1721,EVODEX-P1726,EVODEX-P1743,EVODEX-P1754,EVODEX-P1760,EVODEX-P1765,EVODEX-P1787,EVODEX-P1803,EVODEX-P1822,EVODEX-P1836,EVODEX-P1844,EVODEX-P1849,EVODEX-P1854,EVODEX-P1860,EVODEX-P1866,EVODEX-P1875,EVODEX-P1887,EVODEX-P1893,EVODEX-P1899,EVODEX-P1907"
EVODEX-Cm4,>>,"EVODEX-P6,EVODEX-P27,EVODEX-P39,EVODEX-P48,EVODEX-P55,EVODEX-P64,EVODEX-P70,EVODEX-P76,EVODEX-P82,EVODEX-P91,EVODEX-P97,EVODEX-P107,EVODEX-P115,EVODEX-P118,EVODEX-P133,EVODEX-P139,EVODEX-P145,EVODEX-P151,EVODEX-P173,EVODEX-P190,EVODEX-P197,EVODEX-P198,EVODEX-P204,EVODEX-P209,EVODEX-P228,EVODEX-P229,EVODEX-P238,EVODEX-P243,EVODEX-P257,EVODEX-P274,EVODEX-P286,EVODEX-P295,EVODEX-P310,EVODEX-P316,EVODEX-P327,EVODEX-P339,EVODEX-P358,EVODEX-P359,EVODEX-P360,EVODEX-P363,EVODEX-P368,EVODEX-P371,EVODEX-P381,EVODEX-P407,EVODEX-P429,EVODEX-P430,EVODEX-P455,EVODEX-P493,EVODEX-P504,EVODEX-P510,EVODEX-P516,EVODEX-P522,EVODEX-P532,EVODEX-P537,EVODEX-P552,EVODEX-P558,EVODEX-P573,EVODEX-P575,EVODEX-P583,EVODEX-P588,EVODEX-P594,EVODEX-P600,EVODEX-P606,EVODEX-P612,EVODEX-P620,EVODEX-P653,EVODEX-P667,EVODEX-P673,EVODEX-P681,EVODEX-P686,EVODEX-P691,EVODEX-P699,EVODEX-P715,EVODEX-P722,EVODEX-P728,EVODEX-P734,EVODEX-P740,EVODEX-P746,EVODEX-P750,EVODEX-P755,EVODEX-P760,EVODEX-P786,EVODEX-P792,EVODEX-P798,EVODEX-P804,EVODEX-P811,EVODEX-P816,EVODEX-P830,EVODEX-P835,EVODEX-P841,EVODEX-P849,EVODEX-P855,EVODEX-P866,EVODEX-P885,EVODEX-P891,EVODEX-P904,EVODEX-P913,EVODEX-P924,EVODEX-P938,EVODEX-P963,EVODEX-P972,EVODEX-P981,EVODEX-P987,EVODEX-P1008,EVODEX-P1015,EVODEX-P1021,EVODEX-P1026,EVODEX-P1032,EVODEX-P1038,EVODEX-P1044,EVODEX-P1053,EVODEX-P1082,EVODEX-P1087,EVODEX-P1093,EVODEX-P1097,EVODEX-P1105,EVODEX-P1110,EVODEX-P1116,EVODEX-P1118,EVODEX-P1132,EVODEX-P1141,EVODEX-P1152,EVODEX-P1158,EVODEX-P1181,EVODEX-P1186,EVODEX-P1187,EVODEX-P1203,EVODEX-P1213,EVODEX-P1219,EVODEX-P1223,EVODEX-P1228,EVODEX-P1229,EVODEX-P1235,EVODEX-P1243,EVODEX-P1256,EVODEX-P1262,EVODEX-P1267,EVODEX-P1272,EVODEX-P1290,EVODEX-P1298,EVODEX-P1311,EVODEX-P1324,EVODEX-P1332,EVODEX-P1340,EVODEX-P1356,EVODEX-P1362,EVODEX-P1367,EVODEX-P1375,EVODEX-P1382,EVODEX-P1389,EVODEX-P1394,EVODEX-P1414,EVODEX-P1422,EVODEX-P1451,EVODEX-P1465,EVODEX-P1466,EVODEX-P1476,EVODEX-P1495,EVODEX-P1498,EVODEX-P1519,EVODEX-P1542,EVODEX-P1548,EVODEX-P1558,EVODEX-P1563,EVODEX-P1565,EVODEX-P1584,EVODEX-P1596,EVODEX-P1621,EVODEX-P1627,EVODEX-P1633,EVODEX-P1639,EVODEX-P1645,EVODEX-P1650,EVODEX-P1651,EVODEX-P1662,EVODEX-P1680,EVODEX-P1685,EVODEX-P1691,EVODEX-P1696,EVODEX-P1723,EVODEX-P1728,EVODEX-P1734,EVODEX-P1745,EVODEX-P1746,EVODEX-P1755,EVODEX-P1764,EVODEX-P1774,EVODEX-P1782,EVODEX-P1788,EVODEX-P1793,EVODEX-P1804,EVODEX-P1810,EVODEX-P1823,EVODEX-P1840,EVODEX-P1845,EVODEX-P1855,EVODEX-P1861,EVODEX-P1871,EVODEX-P1877,EVODEX-P1882,EVODEX-P1888,EVODEX-P1900,EVODEX-P1908"
EVODEX-Cm5,[C:2].[O:11]=[O:12].[O:10]>>[C:2]=[O:10]..[O:11][O:12],"EVODEX-P7,EVODEX-P10,EVODEX-P867,EVODEX-P869,EVODEX-P1054,EVODEX-P1057,EVODEX-P1397,EVODEX-P1399,EVODEX-P1428,EVODEX-P1431"
EVODEX-Cm6,[C:2].[O:10]>>[C:2]=[O:10],"EVODEX-P8,EVODEX-P12,EVODEX-P182,EVODEX-P386,EVODEX-P484,EVODEX-P563,EVODEX-P868,EVODEX-P871,EVODEX-P1055,EVODEX-P1059,EVODEX-P1302,EVODEX-P1316,EVODEX-P1402,EVODEX-P1405,EVODEX-P1429,EVODEX-P1433,EVODEX-P1481,EVODEX-P1503,EVODEX-P1506,EVODEX-P1702"
EVODEX-Cm7,[C:2].[O:11]=[O:12]>>[C:2]..[O:11][O:12],"EVODEX-P13,EVODEX-P14,EVODEX-P872,EVODEX-P873,EVODEX-P1060,EVODEX-P1061,EVODEX-P1193,EVODEX-P1403,EVODEX-P1407,EVODEX-P1434,EVODEX-P1435"
EVODEX-Cm8,[N:1]>>[N:1],"EVODEX-P15,EVODEX-P22,EVODEX-P38,EVODEX-P44,EVODEX-P87,EVODEX-P105,EVODEX-P149,EVODEX-P150,EVODEX-P172,EVODEX-P181,EVODEX-P226,EVODEX-P234,EVODEX-P282,EVODEX-P326,EVODEX-P331,EVODEX-P344,EVODEX-P366,EVODEX-P382,EVODEX-P454,EVODEX-P518,EVODEX-P551,EVODEX-P562,EVODEX-P590,EVODEX-P592,EVODEX-P596,EVODEX-P605,EVODEX-P624,EVODEX-P629,EVODEX-P649,EVODEX-P689,EVODEX-P696,EVODEX-P698,EVODEX-P800,EVODEX-P851,EVODEX-P874,EVODEX-P887,EVODEX-P900,EVODEX-P920,EVODEX-P937,EVODEX-P962,EVODEX-P968,EVODEX-P1028,EVODEX-P1052,EVODEX-P1062,EVODEX-P1104,EVODEX-P1114,EVODEX-P1176,EVODEX-P1215,EVODEX-P1250,EVODEX-P1260,EVODEX-P1297,EVODEX-P1301,EVODEX-P1315,EVODEX-P1346,EVODEX-P1350,EVODEX-P1353,EVODEX-P1371,EVODEX-P1374,EVODEX-P1398,EVODEX-P1421,EVODEX-P1436,EVODEX-P1464,EVODEX-P1480,EVODEX-P1491,EVODEX-P1500,EVODEX-P1524,EVODEX-P1540,EVODEX-P1556,EVODEX-P1574,EVODEX-P1626,EVODEX-P1638,EVODEX-P1701,EVODEX-P1713,EVODEX-P1722,EVODEX-P1727,EVODEX-P1747,EVODEX-P1820,EVODEX-P1826,EVODEX-P1839,EVODEX-P1862,EVODEX-P1864,EVODEX-P1896"
EVODEX-Cm9,[N:1].[O:11]=[O:12]>>[N:1].[O:11][O:12],"EVODEX-P16,EVODEX-P875,EVODEX-P1063,EVODEX-P1404,EVODEX-P1437"
EVODEX-Cm10,[O:11]=[O:12].[O:10]>>[O:10].[O:11][O:12],"EVODEX-P17,EVODEX-P876,EVODEX-P1064,EVODEX-P1195,EVODEX-P1408,EVODEX-P1438"
EVODEX-Cm11,[O:11]=[O:12]>>[O:11][O:12],EVODEX-P18
EVODEX-Cm12,[P:33].[C:4][O:6].[N:7]>>[C:4][N:7]..[O:6][P:33],"EVODEX-P20,EVODEX-P23,EVODEX-P613,EVODEX-P617,EVODEX-P1335,EVODEX-P1336,EVODEX-P1564,EVODEX-P1568,EVODEX-P1824,EVODEX-P1827"
EVODEX-Cm13,[O:36].[C:4].[N:7]>>[C:4][N:7].[O:36],"EVODEX-P21,EVODEX-P614,EVODEX-P1339,EVODEX-P1566,EVODEX-P1825"
EVODEX-Cm14,[P:20]>>[P:20],"EVODEX-P24,EVODEX-P62,EVODEX-P69,EVODEX-P74,EVODEX-P95,EVODEX-P196,EVODEX-P208,EVODEX-P242,EVODEX-P256,EVODEX-P293,EVODEX-P314,EVODEX-P338,EVODEX-P405,EVODEX-P422,EVODEX-P531,EVODEX-P547,EVODEX-P582,EVODEX-P587,EVODEX-P680,EVODEX-P684,EVODEX-P690,EVODEX-P738,EVODEX-P744,EVODEX-P749,EVODEX-P840,EVODEX-P847,EVODEX-P916,EVODEX-P980,EVODEX-P1014,EVODEX-P1024,EVODEX-P1042,EVODEX-P1096,EVODEX-P1109,EVODEX-P1184,EVODEX-P1201,EVODEX-P1222,EVODEX-P1234,EVODEX-P1255,EVODEX-P1265,EVODEX-P1270,EVODEX-P1361,EVODEX-P1420,EVODEX-P1474,EVODEX-P1546,EVODEX-P1557,EVODEX-P1562,EVODEX-P1620,EVODEX-P1679,EVODEX-P1683,EVODEX-P1694,EVODEX-P1732,EVODEX-P1772,EVODEX-P1781,EVODEX-P1881"
EVODEX-Cm15,[O:36].[N:7]>>[N:7].[O:36],"EVODEX-P25,EVODEX-P550,EVODEX-P626,EVODEX-P1351,EVODEX-P1575,EVODEX-P1817,EVODEX-P1828"
EVODEX-Cm16,[P:36].[N:3]>>.[N:3][P:36],"EVODEX-P26,EVODEX-P548,EVODEX-P628,EVODEX-P687,EVODEX-P688,EVODEX-P1347,EVODEX-P1554,EVODEX-P1555,EVODEX-P1576,EVODEX-P1814,EVODEX-P1829"
EVODEX-Cm17,[P:33].[O:6]>>.[O:6][P:33],"EVODEX-P28,EVODEX-P30,EVODEX-P32,EVODEX-P34,EVODEX-P59,EVODEX-P60,EVODEX-P65,EVODEX-P67,EVODEX-P71,EVODEX-P72,EVODEX-P92,EVODEX-P93,EVODEX-P192,EVODEX-P194,EVODEX-P205,EVODEX-P206,EVODEX-P239,EVODEX-P240,EVODEX-P253,EVODEX-P255,EVODEX-P267,EVODEX-P269,EVODEX-P271,EVODEX-P273,EVODEX-P291,EVODEX-P292,EVODEX-P311,EVODEX-P313,EVODEX-P335,EVODEX-P336,EVODEX-P402,EVODEX-P403,EVODEX-P421,EVODEX-P467,EVODEX-P468,EVODEX-P527,EVODEX-P529,EVODEX-P539,EVODEX-P546,EVODEX-P579,EVODEX-P580,EVODEX-P584,EVODEX-P585,EVODEX-P621,EVODEX-P622,EVODEX-P625,EVODEX-P627,EVODEX-P676,EVODEX-P678,EVODEX-P682,EVODEX-P683,EVODEX-P710,EVODEX-P711,EVODEX-P714,EVODEX-P716,EVODEX-P735,EVODEX-P736,EVODEX-P741,EVODEX-P742,EVODEX-P747,EVODEX-P748,EVODEX-P824,EVODEX-P826,EVODEX-P828,EVODEX-P829,EVODEX-P836,EVODEX-P838,EVODEX-P844,EVODEX-P846,EVODEX-P915,EVODEX-P977,EVODEX-P978,EVODEX-P1011,EVODEX-P1012,EVODEX-P1022,EVODEX-P1023,EVODEX-P1039,EVODEX-P1041,EVODEX-P1075,EVODEX-P1077,EVODEX-P1079,EVODEX-P1081,EVODEX-P1094,EVODEX-P1095,EVODEX-P1106,EVODEX-P1107,EVODEX-P1151,EVODEX-P1182,EVODEX-P1183,EVODEX-P1199,EVODEX-P1200,EVODEX-P1220,EVODEX-P1221,EVODEX-P1230,EVODEX-P1232,EVODEX-P1251,EVODEX-P1253,EVODEX-P1263,EVODEX-P1264,EVODEX-P1268,EVODEX-P1269,EVODEX-P1280,EVODEX-P1337,EVODEX-P1341,EVODEX-P1343,EVODEX-P1348,EVODEX-P1357,EVODEX-P1359,EVODEX-P1418,EVODEX-P1419,EVODEX-P1472,EVODEX-P1473,EVODEX-P1521,EVODEX-P1543,EVODEX-P1544,EVODEX-P1559,EVODEX-P1560,EVODEX-P1567,EVODEX-P1570,EVODEX-P1572,EVODEX-P1573,EVODEX-P1616,EVODEX-P1618,EVODEX-P1676,EVODEX-P1677,EVODEX-P1681,EVODEX-P1682,EVODEX-P1692,EVODEX-P1693,EVODEX-P1729,EVODEX-P1731,EVODEX-P1778,EVODEX-P1780,EVODEX-P1789,EVODEX-P1791,EVODEX-P1811,EVODEX-P1818,EVODEX-P1830,EVODEX-P1832,EVODEX-P1834,EVODEX-P1835,EVODEX-P1878,EVODEX-P1879"
EVODEX-Cm18,[N:1].[C:15]>>[N:1][C:15],"EVODEX-P29,EVODEX-P36,EVODEX-P102,EVODEX-P104,EVODEX-P146,EVODEX-P147,EVODEX-P168,EVODEX-P170,EVODEX-P223,EVODEX-P225,EVODEX-P341,EVODEX-P364,EVODEX-P365,EVODEX-P397,EVODEX-P560,EVODEX-P589,EVODEX-P591,EVODEX-P615,EVODEX-P619,EVODEX-P694,EVODEX-P695,EVODEX-P933,EVODEX-P935,EVODEX-P958,EVODEX-P960,EVODEX-P1049,EVODEX-P1050,EVODEX-P1111,EVODEX-P1113,EVODEX-P1169,EVODEX-P1248,EVODEX-P1257,EVODEX-P1259,EVODEX-P1293,EVODEX-P1295,EVODEX-P1300,EVODEX-P1313,EVODEX-P1344,EVODEX-P1345,EVODEX-P1370,EVODEX-P1372,EVODEX-P1478,EVODEX-P1537,EVODEX-P1539,EVODEX-P1577,EVODEX-P1579,EVODEX-P1700,EVODEX-P1711,EVODEX-P1831,EVODEX-P1837"
EVODEX-Cm19,[O:36].[C:4]>>[C:4].[O:36],"EVODEX-P31,EVODEX-P270,EVODEX-P545,EVODEX-P623,EVODEX-P713,EVODEX-P827,EVODEX-P1076,EVODEX-P1078,EVODEX-P1142,EVODEX-P1342,EVODEX-P1571,EVODEX-P1821,EVODEX-P1833"
EVODEX-Cm20,[#6:4]1:[#6:5]:[#6:6]:[#6:7]:[#7&+:8]:[#6:44]:1>>[#6:4]1=[#6:44]-[#7:8]-[#6:7]=[#6:6]-[#6:5]-1,"EVODEX-P40,EVODEX-P248"
EVODEX-Cm21,[#6:4]1:[#6:5]:[#6:6]:[#6:7]:[#7&+:8]:[#6:44]:1.[#6:47]-[#8:48]>>[#6:4]1=[#6:44]-[#7:8]-[#6:7]=[#6:6]-[#6:5]-1.[#6:47]=[#8:48],"EVODEX-P41,EVODEX-P100,EVODEX-P221,EVODEX-P246,EVODEX-P300,EVODEX-P380,EVODEX-P448,EVODEX-P644,EVODEX-P654,EVODEX-P751,EVODEX-P878,EVODEX-P975,EVODEX-P990,EVODEX-P1244,EVODEX-P1368,EVODEX-P1376,EVODEX-P1415,EVODEX-P1426,EVODEX-P1486,EVODEX-P1488,EVODEX-P1499,EVODEX-P1587,EVODEX-P1589,EVODEX-P1674,EVODEX-P1736,EVODEX-P1762"
EVODEX-Cm22,[C:2][O:3]>>[C:2]=[O:3],"EVODEX-P42,EVODEX-P101,EVODEX-P124,EVODEX-P125,EVODEX-P217,EVODEX-P222,EVODEX-P247,EVODEX-P251,EVODEX-P287,EVODEX-P288,EVODEX-P301,EVODEX-P353,EVODEX-P373,EVODEX-P379,EVODEX-P391,EVODEX-P399,EVODEX-P400,EVODEX-P449,EVODEX-P459,EVODEX-P460,EVODEX-P471,EVODEX-P645,EVODEX-P655,EVODEX-P752,EVODEX-P775,EVODEX-P779,EVODEX-P879,EVODEX-P894,EVODEX-P898,EVODEX-P906,EVODEX-P907,EVODEX-P956,EVODEX-P965,EVODEX-P966,EVODEX-P976,EVODEX-P991,EVODEX-P1000,EVODEX-P1001,EVODEX-P1048,EVODEX-P1124,EVODEX-P1125,EVODEX-P1134,EVODEX-P1135,EVODEX-P1245,EVODEX-P1369,EVODEX-P1377,EVODEX-P1416,EVODEX-P1487,EVODEX-P1489,EVODEX-P1588,EVODEX-P1590,EVODEX-P1611,EVODEX-P1675,EVODEX-P1698,EVODEX-P1740,EVODEX-P1763,EVODEX-P1776,EVODEX-P1869"
EVODEX-Cm23,[C:7].[O:23]>>[C:7][O:23],"EVODEX-P49,EVODEX-P1517"
EVODEX-Cm24,[#6:4]1=[#6:5]-[#7:6]-[#6:42]=[#6:43]-[#6:44]-1.[#6:46]=[#8:45]>>[#6:4]1:[#6:5]:[#7&+:6]:[#6:42]:[#6:43]:[#6:44]:1.[#8:45]-[#6:46],"EVODEX-P56,EVODEX-P83,EVODEX-P98,EVODEX-P108,EVODEX-P174,EVODEX-P210,EVODEX-P212,EVODEX-P320,EVODEX-P328,EVODEX-P408,EVODEX-P456,EVODEX-P478,EVODEX-P480,EVODEX-P497,EVODEX-P525,EVODEX-P568,EVODEX-P577,EVODEX-P661,EVODEX-P692,EVODEX-P842,EVODEX-P940,EVODEX-P973,EVODEX-P988,EVODEX-P1162,EVODEX-P1273,EVODEX-P1278,EVODEX-P1325,EVODEX-P1333,EVODEX-P1383,EVODEX-P1409,EVODEX-P1417,EVODEX-P1552,EVODEX-P1585,EVODEX-P1609,EVODEX-P1706"
EVODEX-Cm25,[#6:4]1=[#6:5]-[#7:6]-[#6:42]=[#6:43]-[#6:44]-1.>>[#6:4]1:[#6:5]:[#7&+:6]:[#6:42]:[#6:43]:[#6:44]:1..,"EVODEX-P57,EVODEX-P85,EVODEX-P432,EVODEX-P1189,EVODEX-P1212,EVODEX-P1468,EVODEX-P1653,EVODEX-P1748,EVODEX-P1766,EVODEX-P1870"
EVODEX-Cm26,[O:45]=[C:46]>>[O:45][C:46],"EVODEX-P58,EVODEX-P84,EVODEX-P99,EVODEX-P109,EVODEX-P175,EVODEX-P213,EVODEX-P214,EVODEX-P279,EVODEX-P304,EVODEX-P321,EVODEX-P329,EVODEX-P409,EVODEX-P411,EVODEX-P423,EVODEX-P457,EVODEX-P474,EVODEX-P481,EVODEX-P498,EVODEX-P526,EVODEX-P569,EVODEX-P578,EVODEX-P657,EVODEX-P693,EVODEX-P843,EVODEX-P896,EVODEX-P974,EVODEX-P989,EVODEX-P1206,EVODEX-P1274,EVODEX-P1279,EVODEX-P1292,EVODEX-P1326,EVODEX-P1334,EVODEX-P1384,EVODEX-P1410,EVODEX-P1460,EVODEX-P1553,EVODEX-P1586,EVODEX-P1707,EVODEX-P1842"
EVODEX-Cm27,[S:48]>>[S:48],"EVODEX-P103,EVODEX-P117,EVODEX-P141,EVODEX-P200,EVODEX-P215,EVODEX-P261,EVODEX-P265,EVODEX-P297,EVODEX-P306,EVODEX-P494,EVODEX-P506,EVODEX-P608,EVODEX-P610,EVODEX-P630,EVODEX-P636,EVODEX-P638,EVODEX-P703,EVODEX-P704,EVODEX-P802,EVODEX-P822,EVODEX-P861,EVODEX-P929,EVODEX-P955,EVODEX-P1112,EVODEX-P1148,EVODEX-P1247,EVODEX-P1381,EVODEX-P1449,EVODEX-P1532,EVODEX-P1534,EVODEX-P1551,EVODEX-P1859"
EVODEX-Cm28,[C:7].[C:58][C:59][O:61]>>[C:59]=[O:61].[C:7][C:58],"EVODEX-P119,EVODEX-P120,EVODEX-P1119,EVODEX-P1120"
EVODEX-Cm29,[S:9].[C:59][O:61]>>[C:59]=[O:61].[S:9],"EVODEX-P121,EVODEX-P1121"
EVODEX-Cm30,[C:7].[C:58]>>[C:7][C:58],"EVODEX-P123,EVODEX-P126,EVODEX-P140,EVODEX-P142,EVODEX-P488,EVODEX-P490,EVODEX-P1068,EVODEX-P1072,EVODEX-P1123,EVODEX-P1126,EVODEX-P1442,EVODEX-P1686,EVODEX-P1688"
EVODEX-Cm31,[#6:4]1:[#6:5]:[#6:6]:[#6:7]:[#7&+:8]:[#6:44]:1.[#6:49].[#8:45]>>[#6:4]1=[#6:44]-[#7:8]-[#6:7]=[#6:6]-[#6:5]-1.[#8:45]-[#6:49],"EVODEX-P127,EVODEX-P1163,EVODEX-P1209,EVODEX-P1513,EVODEX-P1756,EVODEX-P1889"
EVODEX-Cm32,[#6:4]1:[#6:5]:[#6:6]:[#6:7]:[#7&+:8]:[#6:44]:1.[#8:45]>>[#6:4]1=[#6:44]-[#7:8]-[#6:7]=[#6:6]-[#6:5]-1.[#8:45],"EVODEX-P128,EVODEX-P482,EVODEX-P1164,EVODEX-P1211,EVODEX-P1508,EVODEX-P1515,EVODEX-P1738,EVODEX-P1757,EVODEX-P1890"
EVODEX-Cm33,[#6:4]1:[#6:5]:[#6:6]:[#6:7]:[#7&+:8]:[#6:44]:1.[#6:49]>>[#6:4]1=[#6:44]-[#7:8]-[#6:7]=[#6:6]-[#6:5]-1.[#6:49],"EVODEX-P130,EVODEX-P485,EVODEX-P635,EVODEX-P859,EVODEX-P1166,EVODEX-P1210,EVODEX-P1504,EVODEX-P1509,EVODEX-P1514,EVODEX-P1759,EVODEX-P1892"
EVODEX-Cm34,[C:6][N:17].[C:20].[O:29]=[O:30]>>[C:6]=[N:17].[C:20][O:29].[O:30],"EVODEX-P152,EVODEX-P941,EVODEX-P1597"
EVODEX-Cm35,[O:29]=[O:30]>>[O:29].[O:30],"EVODEX-P153,EVODEX-P442,EVODEX-P762,EVODEX-P942,EVODEX-P1607,EVODEX-P1673"
EVODEX-Cm36,[C:6][N:17].[C:20].[O:29]>>[C:6]=[N:17].[C:20][O:29],"EVODEX-P154,EVODEX-P943,EVODEX-P1599"
EVODEX-Cm37,[C:6][N:17].[O:29]=[O:30]>>[C:6]=[N:17].[O:29].[O:30],"EVODEX-P156,EVODEX-P945,EVODEX-P1603"
EVODEX-Cm38,[C:52][N:57]>>[C:52]=[N:57],"EVODEX-P157,EVODEX-P524,EVODEX-P675,EVODEX-P927,EVODEX-P1445,EVODEX-P1608"
EVODEX-Cm39,[C:6][N:17].[O:29]>>[C:6]=[N:17].[O:29],"EVODEX-P159,EVODEX-P160,EVODEX-P947,EVODEX-P1605,EVODEX-P1606"
EVODEX-Cm40,[C:6][N:17].[C:20]>>[C:6]=[N:17].[C:20],"EVODEX-P161,EVODEX-P948,EVODEX-P1600"
EVODEX-Cm41,[C:20].[O:29]=[O:30]>>[C:20][O:29].[O:30],"EVODEX-P162,EVODEX-P441,EVODEX-P766,EVODEX-P777,EVODEX-P949,EVODEX-P1602,EVODEX-P1672"
EVODEX-Cm42,[C:4][C:5]>>[C:4]=[C:5],"EVODEX-P166,EVODEX-P167,EVODEX-P461,EVODEX-P462"
EVODEX-Cm43,[N:1]#[C:2].[O:10]>>[C:2]=[O:10].[N:1],EVODEX-P179
EVODEX-Cm44,[N:1]#[C:2]>>[C:2].[N:1],"EVODEX-P184,EVODEX-P334"
EVODEX-Cm45,[C:1][C:2][N:3].[C:23][C:24][C:25][C:26].[C:33]:[C:34]:[C:35]:[C:36]:[C:37].[C:42]:[C:43].[C:48]:[C:49].[C:6][C:7].[N:13][C:14][C:15][C:16].[N:18].[N:29][C:30][C:31].[N:40].[O:10]>>[C:1][C:2][N:3].[C:23][C:24][C:25][C:26].[C:33]:[C:34]:[C:35]:[C:36]:[C:37].[C:42]:[C:43].[C:48]:[C:49].[C:6][C:7].[N:13][C:14][C:15][C:16].[N:18].[N:29][C:30][C:31].[N:40].[O:10],EVODEX-P191
EVODEX-Cm46,[#16:48].[#6:110]1=[#6:111]-[#7:112]-[#6:152]=[#6:153]-[#6:154]-1>>[#16:48].[#6:110]1:[#6:111]:[#7&+:112]:[#6:152]:[#6:153]:[#6:154]:1,EVODEX-P211
EVODEX-Cm47,[C:8][O:9].[O:11]=[O:12]>>[C:8]=[O:9].[O:11][O:12],"EVODEX-P216,EVODEX-P352,EVODEX-P1047,EVODEX-P1697"
EVODEX-Cm48,([#7:9].[#6:13])>>[#7&+:9]=[#6:13],EVODEX-P219
EVODEX-Cm49,([#7:9].[#6:13]=[#8:14])>>[#7&+:9]=[#6:13].[#8:14],EVODEX-P220
EVODEX-Cm50,[C:15][O:16].[O:8]>>[C:15]=[O:16].[O:8],"EVODEX-P230,EVODEX-P317,EVODEX-P883"
EVODEX-Cm51,[C:15][O:16].[C:9][O:10]>>[C:9]=[O:10].[C:15]=[O:16],"EVODEX-P231,EVODEX-P318,EVODEX-P375"
EVODEX-Cm52,[C:9]([O:10])[C:13]>>[C:9](=[O:10])[C:13],"EVODEX-P232,EVODEX-P319,EVODEX-P378,EVODEX-P957"
EVODEX-Cm53,[O:1]=[C:2]1[C:3]=[C:4][C:5](=[N:6])[C:16]=[C:17]1.[C:37][O:38]>>[C:37]=[O:38].[O:1][C:2]1:[C:3]:[C:4]:[C:5]([N:6]):[C:16]:[C:17]:1,"EVODEX-P249,EVODEX-P1868"
EVODEX-Cm54,[O:1]=[C:2]1[C:3]=[C:4][C:5](=[N:6])[C:16]=[C:17]1>>[O:1][C:2]1:[C:3]:[C:4]:[C:5]([N:6]):[C:16]:[C:17]:1,EVODEX-P250
EVODEX-Cm55,[O:1]=[C:2][C:3][O:4]>>[O:1][C:2][C:3]=[O:4],"EVODEX-P252,EVODEX-P299,EVODEX-P939,EVODEX-P954"
EVODEX-Cm56,[S:48].[P:68].[C:81][O:82]>>[S:48][C:81].[P:68][O:82],"EVODEX-P258,EVODEX-P259,EVODEX-P700,EVODEX-P701,EVODEX-P817,EVODEX-P818"
EVODEX-Cm57,[C:1].[S:56]>>[C:1][S:56],"EVODEX-P260,EVODEX-P264,EVODEX-P607,EVODEX-P609,EVODEX-P633,EVODEX-P708,EVODEX-P709,EVODEX-P799,EVODEX-P801,EVODEX-P821,EVODEX-P856,EVODEX-P1378,EVODEX-P1379,EVODEX-P1549,EVODEX-P1856,EVODEX-P1858"
EVODEX-Cm58,[S:48].[O:71].[C:81]>>[S:48][C:81].[O:71],"EVODEX-P262,EVODEX-P705,EVODEX-P819"
EVODEX-Cm59,[S:48].[P:68]>>[S:48].[P:68],"EVODEX-P266,EVODEX-P706,EVODEX-P823,EVODEX-P1149"
EVODEX-Cm60,[S:48].[O:71]>>[S:48].[O:71],"EVODEX-P268,EVODEX-P707,EVODEX-P825,EVODEX-P1143,EVODEX-P1446,EVODEX-P1448,EVODEX-P1529,EVODEX-P1530"
EVODEX-Cm61,[C:1]=[C:2].[O:11]>>[C:1]([C:2])[O:11],EVODEX-P275
EVODEX-Cm62,[C:1]=[C:2]>>[C:1][C:2],"EVODEX-P277,EVODEX-P1046"
EVODEX-Cm63,[C:7].[O:11]=[C:12]>>[C:7][C:12][O:11],"EVODEX-P278,EVODEX-P302,EVODEX-P410,EVODEX-P895,EVODEX-P1204,EVODEX-P1847,EVODEX-P1850"
EVODEX-Cm64,[C:22].[C:24]>>[C:22][C:24],"EVODEX-P290,EVODEX-P495,EVODEX-P892"
EVODEX-Cm65,[C:2](=[O:3])[C:4].[S:40]>>[C:2]([O:3])[C:4][S:40],EVODEX-P296
EVODEX-Cm66,[C:2](=[O:3])[C:4]>>[C:2]([O:3])[C:4],"EVODEX-P298,EVODEX-P476,EVODEX-P656"
EVODEX-Cm67,[N:1]#[C:2].[O:10]>>[C:2][O:10].[N:1],EVODEX-P330
EVODEX-Cm68,[#6:5]1=[#6:6]-[#7:7]-[#6:43]=[#6:44]-[#6:45]-1.[#7:1].[#6:51]>>[#7:1]-[#6:51].[#6:5]1:[#6:6]:[#7&+:7]:[#6:43]:[#6:44]:[#6:45]:1,"EVODEX-P342,EVODEX-P1170,EVODEX-P1708"
EVODEX-Cm69,[#6:5]1=[#6:6]-[#7:7]-[#6:43]=[#6:44]-[#6:45]-1.[#7:1]>>[#7:1].[#6:5]1:[#6:6]:[#7&+:7]:[#6:43]:[#6:44]:[#6:45]:1,"EVODEX-P343,EVODEX-P1177,EVODEX-P1709,EVODEX-P1749"
EVODEX-Cm70,[N:1].[C:51]=[O:52]>>[N:1][C:51].[O:52],"EVODEX-P345,EVODEX-P1173,EVODEX-P1714"
EVODEX-Cm71,[#6:5]1=[#6:6]-[#7:7]-[#6:43]=[#6:44]-[#6:45]-1.[#6:51]=[#8:52]>>[#6:51].[#6:5]1:[#6:6]:[#7&+:7]:[#6:43]:[#6:44]:[#6:45]:1.[#8:52],"EVODEX-P346,EVODEX-P1180,EVODEX-P1712"
EVODEX-Cm72,[#6:4]1=[#6:5]-[#7:6]-[#6:42]=[#6:43]-[#6:44]-1.[#6:46]>>[#6:4]1:[#6:5]:[#7&+:6]:[#6:42]:[#6:43]:[#6:44]:1.[#6:46],"EVODEX-P348,EVODEX-P433,EVODEX-P1171,EVODEX-P1190,EVODEX-P1469,EVODEX-P1654,EVODEX-P1665,EVODEX-P1715,EVODEX-P1767"
EVODEX-Cm73,[C:51]=[O:52]>>[C:51].[O:52],"EVODEX-P349,EVODEX-P1175,EVODEX-P1710"
EVODEX-Cm74,[#6:5]1=[#6:6]-[#7:7]-[#6:43]=[#6:44]-[#6:45]-1.[#7:1].[#6:51]=[#8:52]>>[#7:1]-[#6:51].[#6:5]1:[#6:6]:[#7&+:7]:[#6:43]:[#6:44]:[#6:45]:1.[#8:52],"EVODEX-P350,EVODEX-P1179,EVODEX-P1717"
EVODEX-Cm75,[#6:4]1=[#6:5]-[#7:6]-[#6:42]=[#6:43]-[#6:44]-1.[#8:47]>>[#6:4]1:[#6:5]:[#7&+:6]:[#6:42]:[#6:43]:[#6:44]:1.[#8:47],"EVODEX-P351,EVODEX-P434,EVODEX-P1174,EVODEX-P1191,EVODEX-P1470,EVODEX-P1655,EVODEX-P1668,EVODEX-P1671,EVODEX-P1750,EVODEX-P1768"
EVODEX-Cm76,[C:3][O:4].[C:5]>>[C:3]=[O:4].[C:5],"EVODEX-P374,EVODEX-P1777"
EVODEX-Cm77,[#6:4]1:[#6:5]:[#6:6]:[#6:7]:[#7&+:8]:[#6:44]:1.([#8:47]-[#6:46].[#6:49]-[#8:50])>>[#6:49]=[#8:50].[#6:4]1=[#6:44]-[#7:8]-[#6:7]=[#6:6]-[#6:5]-1.[#6:46]=[#8:47],EVODEX-P376
EVODEX-Cm78,[#6:4]1:[#6:5]:[#6:6]:[#6:7]:[#7&+:8]:[#6:44]:1.[#6:48]-[#6:49]-[#8:50]>>[#6:48]-[#6:49]=[#8:50].[#6:4]1=[#6:44]-[#7:8]-[#6:7]=[#6:6]-[#6:5]-1,EVODEX-P377
EVODEX-Cm79,[C:2]=[O:3].[C:8]([N:10])[C:11][O:13]>>[C:11]=[O:13].[C:2][N:10].[O:3]=[C:8],EVODEX-P385
EVODEX-Cm80,[C:2].[C:11][O:13].[N:10]>>[C:11]=[O:13].[C:2][N:10],EVODEX-P387
EVODEX-Cm81,[O:3].[C:8][C:11][O:13]>>[C:11]=[O:13].[O:3]=[C:8],EVODEX-P388
EVODEX-Cm82,[C:2]=[O:3].[C:8][N:10]>>[C:2][N:10].[O:3]=[C:8],"EVODEX-P390,EVODEX-P559,EVODEX-P1299,EVODEX-P1312,EVODEX-P1477,EVODEX-P1699"
EVODEX-Cm83,[C:8][C:11][O:13]>>[C:11]=[O:13]..[C:8],"EVODEX-P392,EVODEX-P395"
EVODEX-Cm84,[C:11][O:13].[N:10]>>[C:11]=[O:13].[N:10],EVODEX-P393
EVODEX-Cm85,[O:10].[P:2]>>[P:2][O:10],"EVODEX-P401,EVODEX-P1423,EVODEX-P1424"
EVODEX-Cm86,[C:1]=[C:2][O:3][P:4].[O:12]=[C:13].[O:11]>>[C:1]([C:2]=[O:3])[C:13][O:12].[P:4][O:11],"EVODEX-P413,EVODEX-P1453"
EVODEX-Cm87,[C:1]=[C:2][O:3]>>[C:1][C:2]=[O:3],"EVODEX-P414,EVODEX-P415,EVODEX-P917,EVODEX-P918,EVODEX-P1455,EVODEX-P1456"
EVODEX-Cm88,[C:1]=[C:2][O:3][P:4].[O:32]>>[C:1][C:2]=[O:3].[P:4][O:32],"EVODEX-P417,EVODEX-P914,EVODEX-P1458"
EVODEX-Cm89,[C:1]=[C:2][O:3].[O:12]=[C:13]>>[C:1]([C:2]=[O:3])[C:13][O:12],"EVODEX-P418,EVODEX-P419,EVODEX-P1454,EVODEX-P1457"
EVODEX-Cm90,[O:12]=[C:13].[O:11]>>[O:12][C:13].[O:11],"EVODEX-P420,EVODEX-P1459,EVODEX-P1848"
EVODEX-Cm91,[C:25].[C:37]([O:38])=[C:39][O:40].[O:41]=[O:42]>>[C:25][O:42].[C:37](=[O:38])[C:39]=[O:40].[O:41],EVODEX-P436
EVODEX-Cm92,[C:25].[C:37]([O:38])=[C:39][O:40].[O:42]>>[C:25][O:42].[C:37](=[O:38])[C:39]=[O:40],EVODEX-P437
EVODEX-Cm93,[C:37]([O:38])=[C:39][O:40]>>[C:37](=[O:38])[C:39]=[O:40],EVODEX-P438
EVODEX-Cm94,[C:25].[C:37]([O:38])=[C:39][O:40]>>[C:25].[C:37](=[O:38])[C:39]=[O:40],EVODEX-P443
EVODEX-Cm95,[C:37]([O:38])=[C:39][O:40].[O:41]=[O:42]>>[O:42].[C:37](=[O:38])[C:39]=[O:40].[O:41],EVODEX-P444
EVODEX-Cm96,[C:37]([O:38])=[C:39][O:40].[O:42]>>[O:42].[C:37](=[O:38])[C:39]=[O:40],"EVODEX-P445,EVODEX-P446"
EVODEX-Cm97,[C:42]([O:43])[C:44].[P:65]>>[C:42]=[C:44].[O:43][P:65],"EVODEX-P463,EVODEX-P464"
EVODEX-Cm98,[C:42][C:44].[O:68]>>[C:42]=[C:44].[O:68],EVODEX-P465
EVODEX-Cm99,[C:7][C:11]=[C:12]>>[C:7]=[C:11][C:12],EVODEX-P469
EVODEX-Cm100,[C:7]([C:8][O:10])[C:11]=[C:12]>>[C:8]=[O:10].[C:7]=[C:11][C:12],EVODEX-P470
EVODEX-Cm101,[#7:5]=[#6:6]:[#6:13]=[#7:14].[#6:18]1=[#6:19]-[#7:20]-[#6:56]=[#6:57]-[#6:58]-1>>[#7:5]-[#6:6]:[#6:13]-[#7:14].[#6:18]1:[#6:19]:[#7&+:20]:[#6:56]:[#6:57]:[#6:58]:1,EVODEX-P472
EVODEX-Cm102,[N:5]=[C:6]:[C:13]=[N:14]>>[N:5][C:6]:[C:13][N:14],EVODEX-P473
EVODEX-Cm103,[#6:1]-[#6:2]=[#8:3].[#6:10]1=[#6:11]-[#7:12]-[#6:52]=[#6:53]-[#6:54]-1.[#8:55]=[#6:56]>>[#6:1](-[#6:2]-[#8:3])-[#6:56]-[#8:55].[#6:10]1:[#6:11]:[#7&+:12]:[#6:52]:[#6:53]:[#6:54]:1,"EVODEX-P475,EVODEX-P658"
EVODEX-Cm104,[#6:1]-[#6:2]=[#8:3].[#6:10]1=[#6:11]-[#7:12]-[#6:52]=[#6:53]-[#6:54]-1>>[#6:1]-[#6:2]-[#8:3].[#6:10]1:[#6:11]:[#7&+:12]:[#6:52]:[#6:53]:[#6:54]:1,"EVODEX-P477,EVODEX-P659"
EVODEX-Cm105,[C:1][C:2]=[O:3].[O:55]=[C:56]>>[C:1]([C:2][O:3])[C:56][O:55],"EVODEX-P479,EVODEX-P660"
EVODEX-Cm106,[#6:43]1:[#6:44]:[#6:45]:[#6:46]:[#7&+:47]:[#6:83]:1.[#6:87]1:[#6:88]:[#6:89]:[#6:90]:[#7&+:91]:[#6:127]:1.[#6:26].[#8:128]>>[#6:43]1=[#6:83]-[#7:47]-[#6:46]=[#6:45]-[#6:44]-1.[#6:87]1=[#6:127]-[#7:91]-[#6:90]=[#6:89]-[#6:88]-1.[#6:26]=[#8:128],"EVODEX-P486,EVODEX-P1507,EVODEX-P1510"
EVODEX-Cm107,([#16&+:2]-[#6:3].[#6:5])>>[#6:3]-[#6:5].[#16:2],EVODEX-P496
EVODEX-Cm108,[#6:4]1:[#6:5]:[#6:6]:[#6:7]:[#7&+:8]:[#6:48]:1.[#6:52]-[#7:57]>>[#6:4]1=[#6:48]-[#7:8]-[#6:7]=[#6:6]-[#6:5]-1.[#6:52]=[#7:57],"EVODEX-P523,EVODEX-P674"
EVODEX-Cm109,[P:28][O:30].[C:2].[O:41]>>[C:2][O:30].[P:28][O:41],"EVODEX-P533,EVODEX-P534,EVODEX-P1136,EVODEX-P1139,EVODEX-P1805,EVODEX-P1807"
EVODEX-Cm110,[P:28].[N:1].[O:41]>>[P:28][O:41].[N:1],"EVODEX-P536,EVODEX-P1806"
EVODEX-Cm111,[#16:48].[#6:64].[#6:69]1:[#6:70]:[#6:71]:[#6:72]:[#7&+:73]:[#6:113]:1>>[#16:48]-[#6:64].[#6:69]1=[#6:113]-[#7:73]-[#6:72]=[#6:71]-[#6:70]-1,"EVODEX-P631,EVODEX-P858"
EVODEX-Cm112,[#16:48].[#6:69]1:[#6:70]:[#6:71]:[#6:72]:[#7&+:73]:[#6:113]:1>>[#16:48].[#6:69]1=[#6:113]-[#7:73]-[#6:72]=[#6:71]-[#6:70]-1,"EVODEX-P632,EVODEX-P860"
EVODEX-Cm113,[#6:1]-[#16&+:2].[#8:30]>>[#6:1]-[#8:30].[#16:2],"EVODEX-P637,EVODEX-P928"
EVODEX-Cm114,[C:48]1([C:49][O:51])[C:52]=[C:53][C:54][C:56]=[C:57]1>>[C:49]=[O:51].[C:48]1:[C:52]:[C:53]:[C:54]:[C:56]:[C:57]:1,EVODEX-P642
EVODEX-Cm115,[#6:4]1:[#6:5]:[#6:6]:[#6:7]:[#7&+:8]:[#6:44]:1.[#6:48]1(-[#6:49]-[#8:51])-[#6:52]=[#6:53]-[#6:54]-[#6:56]=[#6:57]-1>>[#6:49]=[#8:51].[#6:4]1=[#6:44]-[#7:8]-[#6:7]=[#6:6]-[#6:5]-1.[#6:48]1:[#6:52]:[#6:53]:[#6:54]:[#6:56]:[#6:57]:1,"EVODEX-P643,EVODEX-P1425"
EVODEX-Cm116,[C:48]1[C:52]=[C:53][C:54][C:56]=[C:57]1>>[C:48]1:[C:52]:[C:53]:[C:54]:[C:56]:[C:57]:1,EVODEX-P646
EVODEX-Cm117,[#6:4]1:[#6:5]:[#6:6]:[#6:7]:[#7&+:8]:[#6:44]:1.[#6:48]1-[#6:52]=[#6:53]-[#6:54]-[#6:56]=[#6:57]-1>>[#6:4]1=[#6:44]-[#7:8]-[#6:7]=[#6:6]-[#6:5]-1.[#6:48]1:[#6:52]:[#6:53]:[#6:54]:[#6:56]:[#6:57]:1,"EVODEX-P647,EVODEX-P1427"
EVODEX-Cm118,[C:13].[C:6][C:8][O:10].[O:31]=[O:32]>>[C:8]=[O:10].[C:13][O:32].[C:6][O:31],EVODEX-P761
EVODEX-Cm119,[C:13].[C:8][O:10].[O:32]>>[C:8]=[O:10].[C:13][O:32],EVODEX-P763
EVODEX-Cm120,[C:13].[C:6].[O:31]=[O:32]>>[C:13][O:32].[C:6][O:31],EVODEX-P764
EVODEX-Cm121,[C:13].[C:8][O:10]>>[C:8]=[O:10].[C:13],"EVODEX-P767,EVODEX-P768"
EVODEX-Cm122,[C:6][C:8][O:10].[O:31]=[O:32]>>[C:8]=[O:10].[O:32].[C:6][O:31],EVODEX-P769
EVODEX-Cm123,[C:8][O:10].[O:32]>>[C:8]=[O:10].[O:32],EVODEX-P771
EVODEX-Cm124,[C:6][C:8][O:10].[O:31]>>[C:8]=[O:10].[C:6][O:31],"EVODEX-P776,EVODEX-P999"
EVODEX-Cm125,[C:14].[C:33][O:34].[O:22]>>[C:14][O:22].[C:33]=[O:34],"EVODEX-P880,EVODEX-P882"
EVODEX-Cm126,[C:2]([O:3])[C:4].[O:8]=[C:9]>>[C:4][C:9][O:8].[C:2]=[O:3],EVODEX-P893
EVODEX-Cm127,[C:3]([N:4])=[O:5]>>[C:3]#[N:4].[O:5],EVODEX-P926
EVODEX-Cm128,[C:7].[N:1]>>[N:1][C:7],"EVODEX-P952,EVODEX-P953"
EVODEX-Cm129,[O:17].[C:2]([C:3])[C:5][O:6]>>[C:5]=[O:6].[C:2]([C:3])[O:17],EVODEX-P992
EVODEX-Cm130,[C:5][O:6].[O:4]>>[C:5]=[O:6].[O:4],EVODEX-P993
EVODEX-Cm131,[O:17].[C:2][C:3]>>[C:2]([C:3])[O:17],EVODEX-P995
EVODEX-Cm132,[C:2][C:3]>>[C:2][C:3],EVODEX-P996
EVODEX-Cm133,[C:3].[C:5][O:6]>>[C:5]=[O:6].[C:3],"EVODEX-P1002,EVODEX-P1615"
EVODEX-Cm134,[#6:37]1=[#6:38]-[#7:39]-[#6:79]=[#6:80]-[#6:81]-1.[#6:10]=[#7&+:11]>>[#6:37]1:[#6:38]:[#7&+:39]:[#6:79]:[#6:80]:[#6:81]:1.[#6:10]-[#7:11],EVODEX-P1009
EVODEX-Cm135,[N:1]#[C:2]>>[N:1][C:2],"EVODEX-P1010,EVODEX-P1161,EVODEX-P1238,EVODEX-P1277,EVODEX-P1527,EVODEX-P1528"
EVODEX-Cm136,[#6:1]=[#6:2].[#6:9]1=[#6:10]-[#7:11]-[#6:47]=[#6:48]-[#6:49]-1>>[#6:1]-[#6:2].[#6:9]1:[#6:10]:[#7&+:11]:[#6:47]:[#6:48]:[#6:49]:1,EVODEX-P1045
EVODEX-Cm137,[C:1].[P:26].[C:39][O:40]>>[C:1][C:39].[P:26][O:40],"EVODEX-P1066,EVODEX-P1067"
EVODEX-Cm138,[C:1].[O:29].[C:39]>>[C:1][C:39].[O:29],EVODEX-P1070
EVODEX-Cm139,[C:1].[P:26]>>[C:1].[P:26],EVODEX-P1074
EVODEX-Cm140,[S:48].[P:73].[O:86]>>[S:48].[P:73][O:86],EVODEX-P1140
EVODEX-Cm141,[N:1]#[C:2].[O:9]>>[N:1][C:2]=[O:9],"EVODEX-P1159,EVODEX-P1236,EVODEX-P1275,EVODEX-P1523,EVODEX-P1525"
EVODEX-Cm142,[C:7].[O:10]=[O:11].[O:9]>>[C:7][O:9].[O:10][O:11],EVODEX-P1194
EVODEX-Cm143,[#6:1]-[#16&+:2].[#7:28]>>[#6:1]-[#7:28].[#16:2],EVODEX-P1246
EVODEX-Cm144,[O:1]=[C:2].[O:24][C:25]1:[C:26]:[C:27]:[C:28]([N:29]):[C:39]:[C:40]:1>>[O:24]=[C:25]1[C:26]=[C:27][C:28](=[N:29])[C:39]=[C:40]1.[O:1][C:2],EVODEX-P1291
EVODEX-Cm145,[#6:2]1=[#6:3]-[#6:4](=[#8:5])-[#6:6]:[#6:11]-[#6:12]-1=[#8:13].[#6:17]1=[#6:18]-[#7:19]-[#6:55]=[#6:56]-[#6:57]-1>>[#6:2]1:[#6:3]:[#6:4](-[#8:5]):[#6:6]:[#6:11]:[#6:12]:1-[#8:13].[#6:17]1:[#6:18]:[#7&+:19]:[#6:55]:[#6:56]:[#6:57]:1,"EVODEX-P1395,EVODEX-P1901"
EVODEX-Cm146,[C:2]1=[C:3][C:4](=[O:5])[C:6]:[C:11][C:12]1=[O:13]>>[C:2]1:[C:3]:[C:4]([O:5]):[C:6]:[C:11]:[C:12]:1[O:13],"EVODEX-P1396,EVODEX-P1902"
EVODEX-Cm147,[N:9]([C:10])[C:31].[C:36]>>[C:10][C:36].[N:9]=[C:31],EVODEX-P1440
EVODEX-Cm148,[N:11].[N:9][C:31]>>[N:11].[N:9]=[C:31],EVODEX-P1441
EVODEX-Cm149,[C:11].[O:1]=[C:2]>>[O:1][C:2][C:11],EVODEX-P1452
EVODEX-Cm150,[#6:4]1:[#6:5]:[#6:6]:[#6:7]:[#7&+:8]:[#6:44]:1.[#7:51]>>[#6:4]1=[#6:44]-[#7:8]-[#6:7]=[#6:6]-[#6:5]-1.[#7:51],EVODEX-P1501
EVODEX-Cm151,[P:16].[P:20].[O:32].[O:33]>>[P:16][O:32].[P:20][O:33],EVODEX-P1518
EVODEX-Cm152,[O:19][P:20].[O:33]>>[O:19][P:20][O:33],EVODEX-P1520
EVODEX-Cm153,[C:7]([O:8])[C:13][O:14]>>[C:7](=[O:8])[C:13]=[O:14],EVODEX-P1535
EVODEX-Cm154,[C:6][C:7]([O:8])[C:13][O:14]>>[C:6][C:7](=[O:8])[C:13]=[O:14],EVODEX-P1536
EVODEX-Cm155,[O:14]=[O:15].[C:2]([O:3])[C:4].[C:8]>>[C:4][O:15].[C:8][O:14].[C:2]=[O:3],EVODEX-P1610
EVODEX-Cm156,[O:14]=[O:15].[C:4].[C:8]>>[C:4][O:15].[C:8][O:14],EVODEX-P1612
EVODEX-Cm157,[C:4].[C:8]>>[C:4].[C:8],EVODEX-P1613
EVODEX-Cm158,[O:14]=[O:15]>>[O:14].[O:15],EVODEX-P1614
EVODEX-Cm159,[#6:5].[#6:13]1=[#6:14]-[#7:15]-[#6:51]=[#6:52]-[#6:53]-1.[#8:54]=[#8:55]>>[#6:5]-[#8:54].[#6:13]1:[#6:14]:[#7&+:15]:[#6:51]:[#6:52]:[#6:53]:1.[#8:55],EVODEX-P1663
EVODEX-Cm160,[#6:13]1=[#6:14]-[#7:15]-[#6:51]=[#6:52]-[#6:53]-1.[#8:54]=[#8:55]>>[#8:54].[#6:13]1:[#6:14]:[#7&+:15]:[#6:51]:[#6:52]:[#6:53]:1.[#8:55],EVODEX-P1666
EVODEX-Cm161,[#6:5].[#6:13]1=[#6:14]-[#7:15]-[#6:51]=[#6:52]-[#6:53]-1.[#8:54]>>[#6:5]-[#8:54].[#6:13]1:[#6:14]:[#7&+:15]:[#6:51]:[#6:52]:[#6:53]:1,EVODEX-P1667
EVODEX-Cm162,[#6:4]1:[#6:5]:[#6:6]:[#6:7]:[#7&+:8]:[#6:48]:1.[#8:49].[#6:55]-[#8:56]-[#6:57]>>[#6:4]1=[#6:48]-[#7:8]-[#6:7]=[#6:6]-[#6:5]-1.([#8:49]-[#6:55].[#6:57]=[#8:56]),EVODEX-P1735
EVODEX-Cm163,[O:49].[C:55][O:56][C:57]>>[O:49][C:55].[O:56]=[C:57],EVODEX-P1737
EVODEX-Cm164,[C:1][C:2]=[O:3].[P:30]>>[C:1]=[C:2][O:3][P:30],"EVODEX-P1770,EVODEX-P1771"
EVODEX-Cm165,[C:1][C:2]=[O:3]>>[C:1]=[C:2][O:3],EVODEX-P1773
EVODEX-Cm166,[C:13]=[O:14].[C:18]=[O:19]>>[C:13][O:14].[C:18][O:19],EVODEX-P1794
EVODEX-Cm167,([#6:13]=[#8:14].[#6:18]=[#8:19]).[#6:33]1=[#6:34]-[#7:35]-[#6:75]=[#6:76]-[#6:77]-1.[#6:81]1=[#6:82]-[#7:83]-[#6:123]=[#6:124]-[#6:125]-1>>([#6:13]-[#8:14].[#6:18]-[#8:19]).[#6:33]1:[#6:34]:[#7&+:35]:[#6:75]:[#6:76]:[#6:77]:1.[#6:81]1:[#6:82]:[#7&+:83]:[#6:123]:[#6:124]:[#6:125]:1,EVODEX-P1795
EVODEX-Cm168,[C:10][C:11]([C:12])[C:13][C:14][N:15].[O:18].[C:1][C:2]([C:3])[C:4].[O:9]>>[C:10][C:11]([C:12])[C:13][C:14][N:15].[O:18].[C:1][C:2]([C:3])[C:4].[O:9],EVODEX-P1796
EVODEX-Cm169,[C:1][C:2]([C:3])[C:4].[O:9]>>[C:1][C:2]([C:3])[C:4].[O:9],EVODEX-P1797
EVODEX-Cm170,[C:10][C:11]([C:12])[C:13][C:14][N:15].[O:18]>>[C:10][C:11]([C:12])[C:13][C:14][N:15].[O:18],EVODEX-P1798
EVODEX-Cm171,[C:3][C:4].[O:17]=[C:18].[O:16]>>[C:3][O:16].[C:4][C:18][O:17],EVODEX-P1841
EVODEX-Cm172,[#7&+:8]-[#6:9].[#8:45]>>[#6:9]-[#8:45].[#7:8],EVODEX-P1863
