id,formula,sources
EVODEX-F1,{},"EVODEX-P1,EVODEX-P7,EVODEX-P20,EVODEX-P43,EVODEX-P49,EVODEX-P50,EVODEX-P59,EVODEX-P65,EVODEX-P71,EVODEX-P77,EVODEX-P86,EVODEX-P92,EVODEX-P102,EVODEX-P110,EVODEX-P119,EVODEX-P133,EVODEX-P134,EVODEX-P140,EVODEX-P146,EVODEX-P152,EVODEX-P166,EVODEX-P168,EVODEX-P176,EVODEX-P185,EVODEX-P191,EVODEX-P192,EVODEX-P198,EVODEX-P199,EVODEX-P205,EVODEX-P216,EVODEX-P223,EVODEX-P229,EVODEX-P231,EVODEX-P233,EVODEX-P239,EVODEX-P244,EVODEX-P249,EVODEX-P252,EVODEX-P253,EVODEX-P258,EVODEX-P275,EVODEX-P278,EVODEX-P281,EVODEX-P288,EVODEX-P290,EVODEX-P291,EVODEX-P296,EVODEX-P299,EVODEX-P302,EVODEX-P305,EVODEX-P311,EVODEX-P318,EVODEX-P322,EVODEX-P335,EVODEX-P352,EVODEX-P354,EVODEX-P359,EVODEX-P360,EVODEX-P361,EVODEX-P364,EVODEX-P369,EVODEX-P373,EVODEX-P381,EVODEX-P385,EVODEX-P399,EVODEX-P401,EVODEX-P402,EVODEX-P410,EVODEX-P413,EVODEX-P424,EVODEX-P436,EVODEX-P450,EVODEX-P459,EVODEX-P463,EVODEX-P470,EVODEX-P488,EVODEX-P499,EVODEX-P505,EVODEX-P511,EVODEX-P517,EVODEX-P527,EVODEX-P533,EVODEX-P553,EVODEX-P559,EVODEX-P570,EVODEX-P574,EVODEX-P579,EVODEX-P584,EVODEX-P589,EVODEX-P595,EVODEX-P601,EVODEX-P607,EVODEX-P613,EVODEX-P648,EVODEX-P662,EVODEX-P668,EVODEX-P676,EVODEX-P682,EVODEX-P687,EVODEX-P694,EVODEX-P700,EVODEX-P717,EVODEX-P723,EVODEX-P729,EVODEX-P735,EVODEX-P741,EVODEX-P747,EVODEX-P753,EVODEX-P756,EVODEX-P761,EVODEX-P781,EVODEX-P787,EVODEX-P793,EVODEX-P799,EVODEX-P805,EVODEX-P807,EVODEX-P812,EVODEX-P817,EVODEX-P831,EVODEX-P836,EVODEX-P844,EVODEX-P850,EVODEX-P862,EVODEX-P867,EVODEX-P880,EVODEX-P886,EVODEX-P892,EVODEX-P893,EVODEX-P899,EVODEX-P906,EVODEX-P908,EVODEX-P914,EVODEX-P919,EVODEX-P926,EVODEX-P933,EVODEX-P939,EVODEX-P941,EVODEX-P952,EVODEX-P954,EVODEX-P956,EVODEX-P958,EVODEX-P965,EVODEX-P967,EVODEX-P977,EVODEX-P982,EVODEX-P999,EVODEX-P1004,EVODEX-P1009,EVODEX-P1011,EVODEX-P1016,EVODEX-P1022,EVODEX-P1027,EVODEX-P1033,EVODEX-P1039,EVODEX-P1047,EVODEX-P1049,EVODEX-P1054,EVODEX-P1066,EVODEX-P1083,EVODEX-P1088,EVODEX-P1094,EVODEX-P1098,EVODEX-P1100,EVODEX-P1106,EVODEX-P1111,EVODEX-P1119,EVODEX-P1127,EVODEX-P1134,EVODEX-P1136,EVODEX-P1153,EVODEX-P1159,EVODEX-P1181,EVODEX-P1182,EVODEX-P1194,EVODEX-P1199,EVODEX-P1204,EVODEX-P1214,EVODEX-P1220,EVODEX-P1224,EVODEX-P1229,EVODEX-P1230,EVODEX-P1236,EVODEX-P1239,EVODEX-P1251,EVODEX-P1257,EVODEX-P1263,EVODEX-P1268,EVODEX-P1280,EVODEX-P1282,EVODEX-P1285,EVODEX-P1291,EVODEX-P1299,EVODEX-P1307,EVODEX-P1312,EVODEX-P1320,EVODEX-P1327,EVODEX-P1335,EVODEX-P1352,EVODEX-P1357,EVODEX-P1363,EVODEX-P1370,EVODEX-P1378,EVODEX-P1385,EVODEX-P1390,EVODEX-P1397,EVODEX-P1411,EVODEX-P1418,EVODEX-P1423,EVODEX-P1428,EVODEX-P1440,EVODEX-P1446,EVODEX-P1452,EVODEX-P1453,EVODEX-P1461,EVODEX-P1472,EVODEX-P1477,EVODEX-P1490,EVODEX-P1496,EVODEX-P1517,EVODEX-P1518,EVODEX-P1523,EVODEX-P1529,EVODEX-P1535,EVODEX-P1537,EVODEX-P1543,EVODEX-P1549,EVODEX-P1554,EVODEX-P1559,EVODEX-P1564,EVODEX-P1580,EVODEX-P1591,EVODEX-P1597,EVODEX-P1610,EVODEX-P1616,EVODEX-P1622,EVODEX-P1628,EVODEX-P1634,EVODEX-P1640,EVODEX-P1646,EVODEX-P1657,EVODEX-P1676,EVODEX-P1681,EVODEX-P1686,EVODEX-P1692,EVODEX-P1697,EVODEX-P1699,EVODEX-P1718,EVODEX-P1724,EVODEX-P1729,EVODEX-P1741,EVODEX-P1752,EVODEX-P1770,EVODEX-P1776,EVODEX-P1778,EVODEX-P1783,EVODEX-P1789,EVODEX-P1796,EVODEX-P1797,EVODEX-P1798,EVODEX-P1799,EVODEX-P1805,EVODEX-P1824,EVODEX-P1841,EVODEX-P1851,EVODEX-P1856,EVODEX-P1868,EVODEX-P1872,EVODEX-P1878,EVODEX-P1883,EVODEX-P1895,EVODEX-P1903"
EVODEX-F2,"{'C': -4, 'N': -1, 'H': -5}",EVODEX-P2
EVODEX-F3,"{'O': -6, 'C': -6, 'H': -12}","EVODEX-P3,EVODEX-P51,EVODEX-P178,EVODEX-P513,EVODEX-P572,EVODEX-P758,EVODEX-P1006,EVODEX-P1593,EVODEX-P1742"
EVODEX-F4,"{'C': 4, 'N': 1, 'H': 5}",EVODEX-P4
EVODEX-F5,"{'O': -5, 'C': -6, 'H': -10}","EVODEX-P5,EVODEX-P52,EVODEX-P95,EVODEX-P111,EVODEX-P113,EVODEX-P177,EVODEX-P425,EVODEX-P512,EVODEX-P571,EVODEX-P669,EVODEX-P733,EVODEX-P759,EVODEX-P782,EVODEX-P806,EVODEX-P813,EVODEX-P1005,EVODEX-P1099,EVODEX-P1321,EVODEX-P1386,EVODEX-P1592,EVODEX-P1595,EVODEX-P1873"
EVODEX-F6,"{'O': 1, 'H': 2}","EVODEX-P6,EVODEX-P13,EVODEX-P27,EVODEX-P48,EVODEX-P55,EVODEX-P64,EVODEX-P70,EVODEX-P91,EVODEX-P139,EVODEX-P179,EVODEX-P190,EVODEX-P197,EVODEX-P204,EVODEX-P277,EVODEX-P286,EVODEX-P327,EVODEX-P330,EVODEX-P358,EVODEX-P363,EVODEX-P371,EVODEX-P419,EVODEX-P455,EVODEX-P504,EVODEX-P510,EVODEX-P522,EVODEX-P532,EVODEX-P552,EVODEX-P558,EVODEX-P573,EVODEX-P606,EVODEX-P653,EVODEX-P667,EVODEX-P681,EVODEX-P734,EVODEX-P755,EVODEX-P760,EVODEX-P798,EVODEX-P811,EVODEX-P816,EVODEX-P841,EVODEX-P855,EVODEX-P866,EVODEX-P872,EVODEX-P891,EVODEX-P904,EVODEX-P913,EVODEX-P924,EVODEX-P972,EVODEX-P987,EVODEX-P1021,EVODEX-P1032,EVODEX-P1060,EVODEX-P1093,EVODEX-P1105,EVODEX-P1132,EVODEX-P1141,EVODEX-P1158,EVODEX-P1161,EVODEX-P1193,EVODEX-P1219,EVODEX-P1235,EVODEX-P1238,EVODEX-P1243,EVODEX-P1267,EVODEX-P1324,EVODEX-P1332,EVODEX-P1356,EVODEX-P1394,EVODEX-P1403,EVODEX-P1434,EVODEX-P1495,EVODEX-P1498,EVODEX-P1528,EVODEX-P1584,EVODEX-P1596,EVODEX-P1627,EVODEX-P1633,EVODEX-P1639,EVODEX-P1645,EVODEX-P1650,EVODEX-P1723,EVODEX-P1728,EVODEX-P1788,EVODEX-P1793,EVODEX-P1804,EVODEX-P1823,EVODEX-P1847,EVODEX-P1888,EVODEX-P1900"
EVODEX-F7,"{'N': -1, 'H': -5}","EVODEX-P8,EVODEX-P868,EVODEX-P1405,EVODEX-P1429"
EVODEX-F8,"{'O': 1, 'N': -1, 'H': -3}","EVODEX-P9,EVODEX-P395,EVODEX-P565,EVODEX-P1304,EVODEX-P1406,EVODEX-P1430,EVODEX-P1483"
EVODEX-F9,"{'N': -1, 'H': -3}","EVODEX-P10,EVODEX-P323,EVODEX-P451,EVODEX-P534,EVODEX-P650,EVODEX-P869,EVODEX-P1029,EVODEX-P1399,EVODEX-P1431,EVODEX-P1725"
EVODEX-F10,{'O': 1},"EVODEX-P11,EVODEX-P131,EVODEX-P155,EVODEX-P440,EVODEX-P773,EVODEX-P779,EVODEX-P870,EVODEX-P944,EVODEX-P1058,EVODEX-P1198,EVODEX-P1208,EVODEX-P1400,EVODEX-P1432,EVODEX-P1502,EVODEX-P1512,EVODEX-P1532,EVODEX-P1598,EVODEX-P1664,EVODEX-P1740,EVODEX-P1760,EVODEX-P1893"
EVODEX-F11,{'H': -2},"EVODEX-P12,EVODEX-P41,EVODEX-P42,EVODEX-P57,EVODEX-P85,EVODEX-P100,EVODEX-P101,EVODEX-P127,EVODEX-P129,EVODEX-P157,EVODEX-P217,EVODEX-P221,EVODEX-P222,EVODEX-P246,EVODEX-P247,EVODEX-P251,EVODEX-P300,EVODEX-P301,EVODEX-P353,EVODEX-P375,EVODEX-P376,EVODEX-P438,EVODEX-P448,EVODEX-P449,EVODEX-P486,EVODEX-P496,EVODEX-P523,EVODEX-P524,EVODEX-P631,EVODEX-P633,EVODEX-P637,EVODEX-P642,EVODEX-P643,EVODEX-P654,EVODEX-P655,EVODEX-P674,EVODEX-P675,EVODEX-P751,EVODEX-P752,EVODEX-P856,EVODEX-P858,EVODEX-P871,EVODEX-P878,EVODEX-P879,EVODEX-P928,EVODEX-P975,EVODEX-P976,EVODEX-P990,EVODEX-P991,EVODEX-P1048,EVODEX-P1059,EVODEX-P1163,EVODEX-P1165,EVODEX-P1197,EVODEX-P1207,EVODEX-P1209,EVODEX-P1244,EVODEX-P1245,EVODEX-P1246,EVODEX-P1275,EVODEX-P1368,EVODEX-P1369,EVODEX-P1376,EVODEX-P1377,EVODEX-P1402,EVODEX-P1415,EVODEX-P1416,EVODEX-P1425,EVODEX-P1433,EVODEX-P1486,EVODEX-P1487,EVODEX-P1488,EVODEX-P1489,EVODEX-P1499,EVODEX-P1506,EVODEX-P1510,EVODEX-P1511,EVODEX-P1513,EVODEX-P1587,EVODEX-P1588,EVODEX-P1589,EVODEX-P1590,EVODEX-P1608,EVODEX-P1674,EVODEX-P1675,EVODEX-P1698,EVODEX-P1735,EVODEX-P1737,EVODEX-P1756,EVODEX-P1758,EVODEX-P1762,EVODEX-P1763,EVODEX-P1863,EVODEX-P1869,EVODEX-P1889,EVODEX-P1891"
EVODEX-F12,"{'O': 1, 'N': -1, 'H': -1}","EVODEX-P14,EVODEX-P182,EVODEX-P325,EVODEX-P332,EVODEX-P453,EVODEX-P549,EVODEX-P652,EVODEX-P873,EVODEX-P1031,EVODEX-P1407,EVODEX-P1435,EVODEX-P1726"
EVODEX-F13,"{'C': -8, 'H': -8}",EVODEX-P15
EVODEX-F14,"{'C': -8, 'H': -6}",EVODEX-P16
EVODEX-F15,"{'C': 8, 'H': 8}",EVODEX-P17
EVODEX-F16,{'H': 2},"EVODEX-P18,EVODEX-P58,EVODEX-P84,EVODEX-P99,EVODEX-P109,EVODEX-P162,EVODEX-P175,EVODEX-P250,EVODEX-P321,EVODEX-P329,EVODEX-P345,EVODEX-P409,EVODEX-P430,EVODEX-P441,EVODEX-P457,EVODEX-P473,EVODEX-P479,EVODEX-P481,EVODEX-P498,EVODEX-P526,EVODEX-P569,EVODEX-P578,EVODEX-P660,EVODEX-P693,EVODEX-P843,EVODEX-P949,EVODEX-P974,EVODEX-P989,EVODEX-P1046,EVODEX-P1173,EVODEX-P1187,EVODEX-P1213,EVODEX-P1274,EVODEX-P1279,EVODEX-P1292,EVODEX-P1326,EVODEX-P1334,EVODEX-P1384,EVODEX-P1396,EVODEX-P1410,EVODEX-P1466,EVODEX-P1553,EVODEX-P1586,EVODEX-P1602,EVODEX-P1651,EVODEX-P1672,EVODEX-P1707,EVODEX-P1714,EVODEX-P1746,EVODEX-P1764,EVODEX-P1795,EVODEX-P1871,EVODEX-P1902"
EVODEX-F17,"{'C': 8, 'H': 6}",EVODEX-P19
EVODEX-F18,"{'N': -5, 'O': -7, 'C': -10, 'P': -1, 'H': -14}","EVODEX-P21,EVODEX-P705,EVODEX-P736,EVODEX-P1221"
EVODEX-F19,"{'N': 1, 'O': 2, 'C': 3, 'H': 7}",EVODEX-P22
EVODEX-F20,"{'O': -7, 'P': -2, 'H': -4}","EVODEX-P23,EVODEX-P60,EVODEX-P206,EVODEX-P225,EVODEX-P336,EVODEX-P365,EVODEX-P683,EVODEX-P701,EVODEX-P846,EVODEX-P978,EVODEX-P1050,EVODEX-P1359,EVODEX-P1424,EVODEX-P1521,EVODEX-P1618,EVODEX-P1693"
EVODEX-F21,"{'O': -6, 'P': -2, 'H': -2}","EVODEX-P24,EVODEX-P62,EVODEX-P1040"
EVODEX-F22,"{'N': -4, 'O': -5, 'C': -7, 'P': -1, 'H': -7}",EVODEX-P25
EVODEX-F23,"{'N': 1, 'O': -5, 'C': 3, 'P': -2, 'H': 3}",EVODEX-P26
EVODEX-F24,"{'O': 2, 'C': 6, 'N': 3, 'H': 9}","EVODEX-P28,EVODEX-P1401"
EVODEX-F25,"{'O': -1, 'H': -2}","EVODEX-P29,EVODEX-P79,EVODEX-P154,EVODEX-P167,EVODEX-P219,EVODEX-P260,EVODEX-P342,EVODEX-P437,EVODEX-P460,EVODEX-P461,EVODEX-P490,EVODEX-P546,EVODEX-P615,EVODEX-P708,EVODEX-P789,EVODEX-P882,EVODEX-P927,EVODEX-P935,EVODEX-P943,EVODEX-P953,EVODEX-P960,EVODEX-P992,EVODEX-P1035,EVODEX-P1068,EVODEX-P1170,EVODEX-P1190,EVODEX-P1259,EVODEX-P1344,EVODEX-P1469,EVODEX-P1530,EVODEX-P1579,EVODEX-P1599,EVODEX-P1667,EVODEX-P1688,EVODEX-P1708,EVODEX-P1749,EVODEX-P1767,EVODEX-P1777,EVODEX-P1818,EVODEX-P1831"
EVODEX-F26,"{'N': -1, 'O': -8, 'C': -3, 'P': -2, 'H': -9}",EVODEX-P30
EVODEX-F27,"{'N': -2, 'O': -5, 'C': -4, 'P': -1, 'H': -5}",EVODEX-P31
EVODEX-F28,"{'N': 3, 'O': -5, 'C': 6, 'P': -2, 'H': 5}",EVODEX-P32
EVODEX-F29,"{'O': -6, 'C': -10, 'P': -1, 'N': -5, 'H': -12}","EVODEX-P33,EVODEX-P1520"
EVODEX-F30,"{'O': -2, 'C': -3, 'N': -1, 'H': -5}","EVODEX-P34,EVODEX-P200,EVODEX-P599,EVODEX-P1687,EVODEX-P1850,EVODEX-P1857"
EVODEX-F31,"{'O': 1, 'C': 6, 'N': 3, 'H': 7}",EVODEX-P35
EVODEX-F32,"{'O': 6, 'C': 10, 'P': 1, 'N': 5, 'H': 12}","EVODEX-P36,EVODEX-P337,EVODEX-P370,EVODEX-P685,EVODEX-P709,EVODEX-P979"
EVODEX-F33,"{'O': 5, 'C': 7, 'P': 1, 'N': 4, 'H': 7}",EVODEX-P37
EVODEX-F34,"{'O': 1, 'C': 3, 'N': 1, 'H': 5}",EVODEX-P38
EVODEX-F35,"{'O': 8, 'C': 16, 'P': 1, 'N': 8, 'H': 21}",EVODEX-P39
EVODEX-F36,{'H': 1},"EVODEX-P40,EVODEX-P56,EVODEX-P83,EVODEX-P98,EVODEX-P108,EVODEX-P174,EVODEX-P220,EVODEX-P248,EVODEX-P320,EVODEX-P328,EVODEX-P350,EVODEX-P408,EVODEX-P432,EVODEX-P456,EVODEX-P472,EVODEX-P475,EVODEX-P480,EVODEX-P497,EVODEX-P525,EVODEX-P568,EVODEX-P577,EVODEX-P658,EVODEX-P692,EVODEX-P842,EVODEX-P940,EVODEX-P973,EVODEX-P988,EVODEX-P1010,EVODEX-P1045,EVODEX-P1162,EVODEX-P1179,EVODEX-P1189,EVODEX-P1212,EVODEX-P1273,EVODEX-P1278,EVODEX-P1293,EVODEX-P1325,EVODEX-P1333,EVODEX-P1383,EVODEX-P1395,EVODEX-P1409,EVODEX-P1417,EVODEX-P1468,EVODEX-P1552,EVODEX-P1585,EVODEX-P1609,EVODEX-P1653,EVODEX-P1663,EVODEX-P1706,EVODEX-P1717,EVODEX-P1748,EVODEX-P1766,EVODEX-P1870,EVODEX-P1901"
EVODEX-F37,"{'S': -1, 'O': -2, 'C': -6, 'N': -1, 'H': -9}",EVODEX-P44
EVODEX-F38,"{'O': -4, 'C': -6, 'N': -2, 'H': -12}",EVODEX-P45
EVODEX-F39,"{'S': 1, 'O': 2, 'C': 6, 'N': 1, 'H': 9}",EVODEX-P46
EVODEX-F40,"{'O': -3, 'C': -6, 'N': -2, 'H': -10}",EVODEX-P47
EVODEX-F41,"{'O': 10, 'C': 12, 'H': 20}","EVODEX-P53,EVODEX-P884"
EVODEX-F42,"{'O': -10, 'C': -12, 'H': -20}","EVODEX-P54,EVODEX-P810"
EVODEX-F43,"{'N': 2, 'O': 8, 'C': 9, 'P': 1, 'H': 11}","EVODEX-P61,EVODEX-P207,EVODEX-P1254"
EVODEX-F44,"{'N': -2, 'O': -8, 'C': -9, 'P': -1, 'H': -11}","EVODEX-P63,EVODEX-P137,EVODEX-P1252,EVODEX-P1684"
EVODEX-F45,"{'N': -5, 'O': -9, 'C': -10, 'P': -2, 'H': -13}","EVODEX-P66,EVODEX-P1816"
EVODEX-F46,"{'O': -4, 'P': -1, 'H': -3}","EVODEX-P67,EVODEX-P194,EVODEX-P259,EVODEX-P356,EVODEX-P374,EVODEX-P464,EVODEX-P529,EVODEX-P614,EVODEX-P678,EVODEX-P730,EVODEX-P794,EVODEX-P818,EVODEX-P864,EVODEX-P1067,EVODEX-P1129,EVODEX-P1336,EVODEX-P1391,EVODEX-P1539,EVODEX-P1566,EVODEX-P1642,EVODEX-P1791,EVODEX-P1827"
EVODEX-F47,"{'O': 9, 'C': 10, 'P': 2, 'N': 5, 'H': 13}","EVODEX-P68,EVODEX-P264,EVODEX-P462,EVODEX-P1072,EVODEX-P1345,EVODEX-P1522,EVODEX-P1808,EVODEX-P1837"
EVODEX-F48,"{'O': -3, 'P': -1, 'H': -1}","EVODEX-P69,EVODEX-P75,EVODEX-P96,EVODEX-P196,EVODEX-P254,EVODEX-P312,EVODEX-P357,EVODEX-P406,EVODEX-P418,EVODEX-P531,EVODEX-P680,EVODEX-P732,EVODEX-P739,EVODEX-P796,EVODEX-P917,EVODEX-P1131,EVODEX-P1266,EVODEX-P1281,EVODEX-P1421,EVODEX-P1454,EVODEX-P1562,EVODEX-P1644,EVODEX-P1730,EVODEX-P1779"
EVODEX-F49,"{'N': -5, 'O': -8, 'C': -10, 'P': -1, 'H': -14}","EVODEX-P72,EVODEX-P1090,EVODEX-P1232"
EVODEX-F50,"{'O': 3, 'P': 1, 'H': 1}","EVODEX-P73,EVODEX-P80,EVODEX-P94,EVODEX-P241,EVODEX-P294,EVODEX-P315,EVODEX-P404,EVODEX-P416,EVODEX-P547,EVODEX-P581,EVODEX-P586,EVODEX-P619,EVODEX-P689,EVODEX-P737,EVODEX-P791,EVODEX-P1002,EVODEX-P1013,EVODEX-P1025,EVODEX-P1036,EVODEX-P1108,EVODEX-P1185,EVODEX-P1202,EVODEX-P1271,EVODEX-P1475,EVODEX-P1556,EVODEX-P1561,EVODEX-P1577,EVODEX-P1678,EVODEX-P1733,EVODEX-P1773,EVODEX-P1880"
EVODEX-F51,"{'O': 2, 'P': 1, 'H': 1}","EVODEX-P74,EVODEX-P738"
EVODEX-F52,"{'N': 5, 'O': 10, 'C': 10, 'P': 2, 'H': 15}","EVODEX-P76,EVODEX-P257,EVODEX-P918,EVODEX-P1422,EVODEX-P1457,EVODEX-P1782,EVODEX-P1815"
EVODEX-F53,"{'O': -8, 'C': -6, 'P': -1, 'H': -11}","EVODEX-P78,EVODEX-P863,EVODEX-P1034,EVODEX-P1265,EVODEX-P1393"
EVODEX-F54,"{'O': 8, 'C': 6, 'P': 1, 'H': 11}","EVODEX-P81,EVODEX-P865,EVODEX-P1037,EVODEX-P1392"
EVODEX-F55,"{'O': 4, 'P': 1, 'H': 3}","EVODEX-P82,EVODEX-P97,EVODEX-P115,EVODEX-P541,EVODEX-P792,EVODEX-P1001,EVODEX-P1008,EVODEX-P1038,EVODEX-P1145,EVODEX-P1389,EVODEX-P1414,EVODEX-P1812"
EVODEX-F56,"{'O': -3, 'C': -4, 'N': -1, 'H': -5}","EVODEX-P87,EVODEX-P1656"
EVODEX-F57,"{'O': -11, 'C': -58, 'N': -16, 'H': -84}",EVODEX-P88
EVODEX-F58,"{'O': 3, 'C': 4, 'N': 1, 'H': 5}",EVODEX-P89
EVODEX-F59,"{'O': -10, 'C': -58, 'N': -16, 'H': -82}",EVODEX-P90
EVODEX-F60,"{'O': -9, 'C': -6, 'P': -1, 'H': -13}","EVODEX-P93,EVODEX-P112,EVODEX-P255,EVODEX-P1253,EVODEX-P1264"
EVODEX-F61,"{'C': -1, 'H': -2}","EVODEX-P103,EVODEX-P186,EVODEX-P382,EVODEX-P562,EVODEX-P800,EVODEX-P1441"
EVODEX-F62,"{'S': -2, 'O': -3, 'C': -2, 'H': -6}",EVODEX-P104
EVODEX-F63,"{'C': 1, 'H': 2}","EVODEX-P105,EVODEX-P188,EVODEX-P564,EVODEX-P641,EVODEX-P802,EVODEX-P931,EVODEX-P1250,EVODEX-P1443"
EVODEX-F64,"{'S': -2, 'O': 13, 'C': 28, 'P': 1, 'N': 6, 'H': 39}",EVODEX-P106
EVODEX-F65,"{'O': 16, 'C': 30, 'P': 1, 'N': 6, 'H': 45}","EVODEX-P107,EVODEX-P1375"
EVODEX-F66,"{'O': 5, 'C': 6, 'H': 10}","EVODEX-P114,EVODEX-P245,EVODEX-P427,EVODEX-P514,EVODEX-P515,EVODEX-P671,EVODEX-P731,EVODEX-P784,EVODEX-P1086,EVODEX-P1310,EVODEX-P1366,EVODEX-P1594,EVODEX-P1744,EVODEX-P1853,EVODEX-P1876"
EVODEX-F67,"{'O': 1, 'C': 4, 'H': 6}","EVODEX-P116,EVODEX-P1030"
EVODEX-F68,"{'O': -3, 'C': -5, 'H': -6}","EVODEX-P117,EVODEX-P959"
EVODEX-F69,"{'C': 1, 'N': 1, 'H': 5}",EVODEX-P118
EVODEX-F70,"{'S': -1, 'O': -16, 'C': -21, 'P': -3, 'N': -7, 'H': -36}","EVODEX-P120,EVODEX-P142,EVODEX-P307,EVODEX-P507,EVODEX-P609,EVODEX-P832,EVODEX-P1113,EVODEX-P1120,EVODEX-P1139,EVODEX-P1379"
EVODEX-F71,"{'O': -3, 'C': -6, 'N': -1, 'H': -11}",EVODEX-P121
EVODEX-F72,"{'S': -1, 'O': -16, 'C': -20, 'P': -3, 'N': -6, 'H': -31}",EVODEX-P122
EVODEX-F73,"{'O': -1, 'C': -1}","EVODEX-P123,EVODEX-P289,EVODEX-P390,EVODEX-P458,EVODEX-P469,EVODEX-P590,EVODEX-P698,EVODEX-P764,EVODEX-P778,EVODEX-P895,EVODEX-P905,EVODEX-P1079,EVODEX-P1123,EVODEX-P1133,EVODEX-P1371,EVODEX-P1572,EVODEX-P1612,EVODEX-P1769"
EVODEX-F74,"{'C': -1, 'N': -1, 'H': -5}",EVODEX-P124
EVODEX-F75,"{'O': 3, 'C': 5, 'H': 6}","EVODEX-P125,EVODEX-P962"
EVODEX-F76,"{'S': -1, 'O': -18, 'C': -22, 'P': -3, 'N': -7, 'H': -36}","EVODEX-P126,EVODEX-P1126"
EVODEX-F77,"{'N': 4, 'O': 1, 'C': 5, 'H': 3}",EVODEX-P128
EVODEX-F78,"{'O': 1, 'H': 1}","EVODEX-P130,EVODEX-P1210,EVODEX-P1277,EVODEX-P1509,EVODEX-P1514,EVODEX-P1736,EVODEX-P1759,EVODEX-P1864,EVODEX-P1892"
EVODEX-F79,"{'O': 1, 'C': 5, 'N': 4, 'H': 2}",EVODEX-P132
EVODEX-F80,"{'N': -2, 'O': -9, 'C': -9, 'P': -1, 'H': -13}",EVODEX-P135
EVODEX-F81,"{'O': 2, 'C': 6, 'N': 1, 'H': 3}","EVODEX-P136,EVODEX-P555"
EVODEX-F82,"{'O': -2, 'C': -6, 'N': -1, 'H': -3}","EVODEX-P138,EVODEX-P355,EVODEX-P503,EVODEX-P557,EVODEX-P757,EVODEX-P912,EVODEX-P986,EVODEX-P1020,EVODEX-P1649,EVODEX-P1787"
EVODEX-F83,"{'O': -1, 'C': -16, 'H': -30}",EVODEX-P141
EVODEX-F84,"{'O': 1, 'C': 16, 'H': 30}","EVODEX-P143,EVODEX-P630,EVODEX-P1381"
EVODEX-F85,"{'S': -1, 'O': -13, 'C': -14, 'P': -3, 'N': -6, 'H': -20}",EVODEX-P144
EVODEX-F86,"{'O': 3, 'C': 7, 'N': 1, 'H': 16}",EVODEX-P145
EVODEX-F87,"{'O': -2, 'C': -2, 'N': -1, 'H': -5}","EVODEX-P147,EVODEX-P1216"
EVODEX-F88,"{'C': 3, 'N': 1, 'H': 7}","EVODEX-P148,EVODEX-P1064"
EVODEX-F89,"{'C': 1, 'N': 2, 'H': 2}",EVODEX-P149
EVODEX-F90,"{'C': -1, 'N': -1, 'H': -1}","EVODEX-P150,EVODEX-P400,EVODEX-P966"
EVODEX-F91,"{'N': 2, 'O': 2, 'C': 5, 'H': 12}","EVODEX-P151,EVODEX-P1542"
EVODEX-F92,"{'S': 1, 'O': 4, 'C': 5, 'N': 1, 'H': 11}",EVODEX-P153
EVODEX-F93,"{'S': 1, 'O': 4, 'C': 5, 'N': 1, 'H': 9}",EVODEX-P156
EVODEX-F94,"{'S': 1, 'O': 3, 'C': 5, 'N': 1, 'H': 9}",EVODEX-P158
EVODEX-F95,"{'S': 1, 'O': 3, 'C': 5, 'N': 1, 'H': 7}",EVODEX-P159
EVODEX-F96,{'O': -1},"EVODEX-P160,EVODEX-P164,EVODEX-P341,EVODEX-P439,EVODEX-P446,EVODEX-P772,EVODEX-P776,EVODEX-P950,EVODEX-P1169,EVODEX-P1188,EVODEX-P1467,EVODEX-P1601,EVODEX-P1606,EVODEX-P1669,EVODEX-P1711,EVODEX-P1747,EVODEX-P1765"
EVODEX-F97,"{'O': 1, 'H': -1}","EVODEX-P161,EVODEX-P443,EVODEX-P483,EVODEX-P485,EVODEX-P948,EVODEX-P1600,EVODEX-P1665"
EVODEX-F98,"{'O': -2, 'H': 2}","EVODEX-P163,EVODEX-P383"
EVODEX-F99,"{'O': -6, 'C': -3, 'P': -1, 'H': -5}","EVODEX-P165,EVODEX-P435"
EVODEX-F100,"{'O': -2, 'C': -6, 'N': -2, 'H': -10}",EVODEX-P169
EVODEX-F101,"{'O': -1, 'C': -7, 'H': -8}","EVODEX-P170,EVODEX-P1155"
EVODEX-F102,"{'O': 2, 'C': 3, 'N': 1, 'H': 5}","EVODEX-P171,EVODEX-P202,EVODEX-P1689,EVODEX-P1859"
EVODEX-F103,"{'O': 2, 'C': 6, 'N': 2, 'H': 10}",EVODEX-P172
EVODEX-F104,"{'O': 3, 'C': 10, 'N': 1, 'H': 13}",EVODEX-P173
EVODEX-F105,"{'O': 1, 'C': 8, 'H': 6}","EVODEX-P180,EVODEX-P937"
EVODEX-F106,"{'C': -8, 'H': -4}",EVODEX-P181
EVODEX-F107,"{'O': 2, 'N': -1, 'H': 1}","EVODEX-P183,EVODEX-P333"
EVODEX-F108,"{'O': 2, 'H': 4}","EVODEX-P184,EVODEX-P334,EVODEX-P1519"
EVODEX-F109,"{'O': -4, 'C': -8, 'H': -8}",EVODEX-P187
EVODEX-F110,"{'O': -3, 'C': -8, 'H': -6}",EVODEX-P189
EVODEX-F111,"{'O': -7, 'C': -10, 'P': -1, 'N': -4, 'H': -11}",EVODEX-P193
EVODEX-F112,"{'N': 4, 'O': 7, 'C': 10, 'P': 1, 'H': 11}",EVODEX-P195
EVODEX-F113,"{'O': -2, 'S': -1, 'C': -4, 'N': -1, 'H': -9}","EVODEX-P201,EVODEX-P1536"
EVODEX-F114,"{'S': -1, 'O': -1, 'C': -4, 'N': -1, 'H': -7}",EVODEX-P203
EVODEX-F115,"{'O': 2, 'C': 6, 'P': -1, 'H': 9}","EVODEX-P208,EVODEX-P1361,EVODEX-P1620"
EVODEX-F116,"{'O': 9, 'C': 6, 'P': 1, 'H': 13}","EVODEX-P209,EVODEX-P750,EVODEX-P786,EVODEX-P1097,EVODEX-P1362,EVODEX-P1621"
EVODEX-F117,{'H': 3},EVODEX-P210
EVODEX-F118,"{'O': -4, 'C': -6, 'H': -9}",EVODEX-P211
EVODEX-F119,"{'S': -1, 'O': -16, 'C': -21, 'P': -3, 'N': -7, 'H': -33}",EVODEX-P212
EVODEX-F120,"{'S': -1, 'O': -16, 'C': -21, 'P': -3, 'N': -7, 'H': -32}",EVODEX-P213
EVODEX-F121,{'H': 4},"EVODEX-P214,EVODEX-P1794"
EVODEX-F122,"{'O': -4, 'C': -6, 'H': -8}",EVODEX-P215
EVODEX-F123,"{'O': -6, 'C': -20, 'N': -7, 'H': -21}",EVODEX-P218
EVODEX-F124,"{'O': -7, 'C': -5, 'P': -1, 'H': -9}","EVODEX-P224,EVODEX-P234,EVODEX-P1003,EVODEX-P1464"
EVODEX-F125,"{'O': 7, 'C': 5, 'P': 1, 'H': 9}","EVODEX-P226,EVODEX-P236,EVODEX-P366,EVODEX-P1052"
EVODEX-F126,"{'N': 4, 'O': -6, 'C': 5, 'P': -2}",EVODEX-P227
EVODEX-F127,"{'N': 4, 'O': 1, 'C': 5, 'H': 4}",EVODEX-P228
EVODEX-F128,"{'O': -3, 'C': -3, 'H': -6}","EVODEX-P230,EVODEX-P379,EVODEX-P996"
EVODEX-F129,"{'O': -6, 'C': -3, 'P': -1, 'H': -7}","EVODEX-P232,EVODEX-P317,EVODEX-P319,EVODEX-P998"
EVODEX-F130,"{'N': -1, 'O': -2, 'C': -7, 'H': -7}",EVODEX-P235
EVODEX-F131,"{'N': -1, 'O': 5, 'C': -7, 'P': 2, 'H': -3}",EVODEX-P237
EVODEX-F132,"{'O': 7, 'P': 2, 'H': 4}","EVODEX-P238,EVODEX-P722,EVODEX-P746,EVODEX-P1256,EVODEX-P1465,EVODEX-P1685"
EVODEX-F133,"{'N': -5, 'O': -10, 'C': -10, 'P': -2, 'H': -15}","EVODEX-P240,EVODEX-P262,EVODEX-P292,EVODEX-P465,EVODEX-P580,EVODEX-P585,EVODEX-P617,EVODEX-P688,EVODEX-P748,EVODEX-P1023,EVODEX-P1070,EVODEX-P1095,EVODEX-P1107,EVODEX-P1183,EVODEX-P1200,EVODEX-P1269,EVODEX-P1339,EVODEX-P1448,EVODEX-P1555,EVODEX-P1560,EVODEX-P1568,EVODEX-P1677,EVODEX-P1771,EVODEX-P1825"
EVODEX-F134,"{'O': -2, 'P': -1, 'H': -1}",EVODEX-P242
EVODEX-F135,"{'N': 5, 'O': 8, 'C': 10, 'P': 1, 'H': 14}","EVODEX-P243,EVODEX-P1044"
EVODEX-F136,"{'N': 5, 'O': 1, 'C': 4, 'P': 1, 'H': 2}",EVODEX-P256
EVODEX-F137,"{'O': 3, 'C': 4, 'H': 4}","EVODEX-P261,EVODEX-P508,EVODEX-P1151,EVODEX-P1894"
EVODEX-F138,"{'O': 6, 'C': 6, 'P': 2, 'N': 5, 'H': 9}",EVODEX-P263
EVODEX-F139,"{'O': 4, 'C': 4, 'H': 6}","EVODEX-P265,EVODEX-P822"
EVODEX-F140,"{'C': 4, 'P': -1, 'H': 3}","EVODEX-P266,EVODEX-P823"
EVODEX-F141,"{'N': 7, 'S': 1, 'O': 16, 'C': 21, 'P': 3, 'H': 36}","EVODEX-P267,EVODEX-P710,EVODEX-P824"
EVODEX-F142,"{'O': -6, 'C': -6, 'P': -2, 'N': -5, 'H': -9}",EVODEX-P268
EVODEX-F143,"{'N': 7, 'S': 1, 'O': 12, 'C': 21, 'P': 2, 'H': 33}","EVODEX-P269,EVODEX-P826"
EVODEX-F144,"{'N': 2, 'S': 1, 'O': 6, 'C': 11, 'P': 1, 'H': 21}",EVODEX-P270
EVODEX-F145,"{'O': -3, 'C': -4, 'H': -4}","EVODEX-P271,EVODEX-P506,EVODEX-P828,EVODEX-P1148,EVODEX-P1192"
EVODEX-F146,"{'N': 7, 'S': 1, 'O': 15, 'C': 21, 'P': 3, 'H': 34}","EVODEX-P272,EVODEX-P712"
EVODEX-F147,"{'O': -7, 'C': -4, 'P': -1, 'H': -7}","EVODEX-P273,EVODEX-P829"
EVODEX-F148,"{'N': 12, 'S': 1, 'O': 25, 'C': 31, 'P': 5, 'H': 49}",EVODEX-P274
EVODEX-F149,"{'O': 6, 'C': 3, 'P': 1, 'H': 5}","EVODEX-P276,EVODEX-P420,EVODEX-P1168,EVODEX-P1459"
EVODEX-F150,"{'O': 2, 'C': 8, 'H': 8}","EVODEX-P279,EVODEX-P1614"
EVODEX-F151,"{'O': 2, 'C': 1}","EVODEX-P280,EVODEX-P1069,EVODEX-P1205,EVODEX-P1458"
EVODEX-F152,"{'O': -7, 'C': -22, 'N': -5, 'H': -39}",EVODEX-P282
EVODEX-F153,"{'O': -2, 'C': -10, 'N': -1, 'H': -9}","EVODEX-P283,EVODEX-P852,EVODEX-P888"
EVODEX-F154,"{'O': 7, 'C': 22, 'N': 5, 'H': 39}",EVODEX-P284
EVODEX-F155,"{'O': -1, 'C': -10, 'N': -1, 'H': -7}","EVODEX-P285,EVODEX-P854,EVODEX-P890"
EVODEX-F156,"{'O': -3, 'C': -3, 'H': -4}","EVODEX-P287,EVODEX-P421,EVODEX-P664,EVODEX-P915"
EVODEX-F157,"{'N': -5, 'O': -8, 'C': -8, 'P': -2, 'H': -11}",EVODEX-P293
EVODEX-F158,"{'O': 2, 'C': 2, 'H': 4}","EVODEX-P295,EVODEX-P493,EVODEX-P896"
EVODEX-F159,"{'O': 2, 'C': 3, 'H': 4}",EVODEX-P297
EVODEX-F160,"{'S': 2, 'O': 10, 'C': 27, 'N': 9, 'H': 49}",EVODEX-P298
EVODEX-F161,"{'O': 1, 'C': 2, 'H': 4}","EVODEX-P303,EVODEX-P396"
EVODEX-F162,"{'N': 1, 'O': 2, 'C': 2, 'H': 5}","EVODEX-P304,EVODEX-P411,EVODEX-P624"
EVODEX-F163,"{'O': -1, 'C': -1, 'H': -1}","EVODEX-P306,EVODEX-P377,EVODEX-P378,EVODEX-P646,EVODEX-P647,EVODEX-P649,EVODEX-P993,EVODEX-P1240,EVODEX-P1427,EVODEX-P1550,EVODEX-P1581,EVODEX-P1647,EVODEX-P1768"
EVODEX-F164,"{'O': 1, 'C': 2, 'H': 2}","EVODEX-P308,EVODEX-P491,EVODEX-P651,EVODEX-P834,EVODEX-P997,EVODEX-P1122,EVODEX-P1125,EVODEX-P1551"
EVODEX-F165,"{'S': -1, 'O': -11, 'C': 2, 'P': -3, 'N': -5, 'H': -6}",EVODEX-P309
EVODEX-F166,"{'O': 5, 'C': 23, 'N': 2, 'H': 30}",EVODEX-P310
EVODEX-F167,"{'N': -3, 'O': -11, 'C': -9, 'P': -2, 'H': -15}","EVODEX-P313,EVODEX-P670,EVODEX-P1544,EVODEX-P1879"
EVODEX-F168,"{'N': -2, 'O': -6, 'P': -2, 'H': 2}",EVODEX-P314
EVODEX-F169,"{'N': 1, 'O': 5, 'C': 9, 'H': 17}",EVODEX-P316
EVODEX-F170,"{'S': 1, 'C': 5, 'N': 4, 'H': 2}",EVODEX-P324
EVODEX-F171,"{'S': -1, 'C': -5, 'N': -4, 'H': -2}",EVODEX-P326
EVODEX-F172,"{'O': -2, 'C': -4, 'N': -1, 'H': -3}",EVODEX-P331
EVODEX-F173,"{'N': 1, 'O': 2, 'C': 11, 'P': -1, 'H': 11}",EVODEX-P338
EVODEX-F174,"{'N': 1, 'O': 9, 'C': 11, 'P': 1, 'H': 15}",EVODEX-P339
EVODEX-F175,"{'O': -4, 'C': -5, 'H': -4}","EVODEX-P340,EVODEX-P875"
EVODEX-F176,"{'O': 4, 'C': 5, 'H': 5}","EVODEX-P343,EVODEX-P1508,EVODEX-P1709"
EVODEX-F177,"{'O': 4, 'C': 5, 'H': 6}","EVODEX-P344,EVODEX-P876,EVODEX-P1713"
EVODEX-F178,"{'N': 1, 'H': 4}","EVODEX-P346,EVODEX-P1180"
EVODEX-F179,"{'O': -1, 'N': 1, 'H': 3}","EVODEX-P347,EVODEX-P389,EVODEX-P561,EVODEX-P1172,EVODEX-P1314,EVODEX-P1479"
EVODEX-F180,"{'N': 1, 'O': -1, 'H': 2}","EVODEX-P348,EVODEX-P1171"
EVODEX-F181,"{'N': 1, 'H': 5}","EVODEX-P349,EVODEX-P1175"
EVODEX-F182,"{'O': -4, 'C': -5, 'H': -5}","EVODEX-P351,EVODEX-P1501"
EVODEX-F183,"{'O': 9, 'C': 6, 'P': 1, 'H': 11}",EVODEX-P362
EVODEX-F184,"{'N': 2, 'O': -5, 'C': 4, 'P': -2}",EVODEX-P367
EVODEX-F185,"{'N': 2, 'O': 2, 'C': 4, 'H': 4}",EVODEX-P368
EVODEX-F186,"{'O': -2, 'C': -3, 'H': -4}","EVODEX-P372,EVODEX-P955,EVODEX-P964,EVODEX-P994"
EVODEX-F187,"{'O': -3, 'C': -3, 'H': -5}",EVODEX-P380
EVODEX-F188,"{'C': 3, 'N': 1, 'H': 9}",EVODEX-P384
EVODEX-F189,"{'O': -4, 'C': -4, 'N': -1, 'H': -7}","EVODEX-P386,EVODEX-P563"
EVODEX-F190,"{'O': -1, 'C': -3, 'H': -6}",EVODEX-P387
EVODEX-F191,"{'O': -2, 'C': -3, 'N': -1, 'H': -7}",EVODEX-P388
EVODEX-F192,"{'C': -3, 'N': -1, 'H': -9}",EVODEX-P391
EVODEX-F193,"{'O': 3, 'C': 3, 'H': 4}","EVODEX-P392,EVODEX-P423,EVODEX-P1075,EVODEX-P1460,EVODEX-P1774"
EVODEX-F194,"{'O': 2, 'H': -2}",EVODEX-P393
EVODEX-F195,"{'O': -1, 'C': -2, 'N': -1, 'H': -3}","EVODEX-P394,EVODEX-P627,EVODEX-P900,EVODEX-P1218"
EVODEX-F196,"{'O': -3, 'C': -4, 'H': -6}","EVODEX-P397,EVODEX-P775"
EVODEX-F197,"{'O': -2, 'C': -8, 'H': -8}","EVODEX-P398,EVODEX-P1611"
EVODEX-F198,"{'N': -2, 'O': -11, 'C': -10, 'P': -2, 'H': -16}","EVODEX-P403,EVODEX-P783,EVODEX-P1852"
EVODEX-F199,"{'N': 3, 'O': -8, 'P': -2, 'H': -3}",EVODEX-P405
EVODEX-F200,"{'N': 5, 'O': 3, 'C': 10, 'H': 13}",EVODEX-P407
EVODEX-F201,"{'O': 1, 'C': 7, 'H': 6}",EVODEX-P412
EVODEX-F202,"{'O': 5, 'C': 5, 'H': 10}",EVODEX-P414
EVODEX-F203,"{'O': 9, 'C': 5, 'P': 1, 'H': 13}",EVODEX-P415
EVODEX-F204,"{'O': 8, 'C': 5, 'P': 1, 'H': 11}","EVODEX-P417,EVODEX-P583"
EVODEX-F205,"{'O': -2, 'C': -3, 'H': -2}","EVODEX-P422,EVODEX-P666"
EVODEX-F206,"{'O': -12, 'C': -9, 'P': -2, 'N': -2, 'H': -14}","EVODEX-P426,EVODEX-P725,EVODEX-P1084,EVODEX-P1225,EVODEX-P1287,EVODEX-P1308,EVODEX-P1364,EVODEX-P1659,EVODEX-P1731,EVODEX-P1753"
EVODEX-F207,"{'O': -6, 'C': -3, 'P': -2, 'N': -2, 'H': -2}",EVODEX-P428
EVODEX-F208,"{'O': 6, 'C': 6, 'H': 12}","EVODEX-P429,EVODEX-P673,EVODEX-P1110,EVODEX-P1223"
EVODEX-F209,"{'O': -4, 'P': -1, 'H': -2}","EVODEX-P431,EVODEX-P433,EVODEX-P1652,EVODEX-P1654"
EVODEX-F210,"{'O': -6, 'C': -3, 'P': -1, 'H': -6}",EVODEX-P434
EVODEX-F211,"{'O': 6, 'C': 18, 'N': 4, 'H': 26}",EVODEX-P442
EVODEX-F212,"{'O': 6, 'C': 18, 'N': 4, 'H': 24}",EVODEX-P444
EVODEX-F213,"{'O': 5, 'C': 18, 'N': 4, 'H': 22}",EVODEX-P445
EVODEX-F214,"{'O': 5, 'C': 18, 'N': 4, 'H': 24}",EVODEX-P447
EVODEX-F215,"{'O': 1, 'C': 4, 'N': 5, 'H': 1}",EVODEX-P452
EVODEX-F216,"{'O': -1, 'C': -4, 'N': -5, 'H': -1}",EVODEX-P454
EVODEX-F217,"{'N': -2, 'O': -5, 'C': -11, 'H': -16}",EVODEX-P466
EVODEX-F218,"{'N': -7, 'O': -14, 'C': -21, 'P': -2, 'H': -29}",EVODEX-P467
EVODEX-F219,"{'N': -7, 'O': -18, 'C': -21, 'P': -3, 'H': -32}",EVODEX-P468
EVODEX-F220,"{'O': -4, 'C': -9, 'H': -10}",EVODEX-P471
EVODEX-F221,"{'O': 3, 'C': 3, 'H': 6}",EVODEX-P474
EVODEX-F222,"{'O': 2, 'C': 1, 'H': 2}","EVODEX-P476,EVODEX-P656,EVODEX-P1574"
EVODEX-F223,"{'O': 2, 'C': 1, 'H': 1}","EVODEX-P477,EVODEX-P659"
EVODEX-F224,"{'O': 3, 'C': 3, 'H': 5}",EVODEX-P478
EVODEX-F225,"{'N': 5, 'O': 16, 'C': 16, 'P': 2, 'H': 22}",EVODEX-P482
EVODEX-F226,{'H': -4},EVODEX-P484
EVODEX-F227,"{'O': 16, 'C': 16, 'P': 2, 'N': 5, 'H': 21}",EVODEX-P487
EVODEX-F228,"{'O': -3, 'C': -1}","EVODEX-P489,EVODEX-P770"
EVODEX-F229,"{'O': 3, 'C': 2}",EVODEX-P492
EVODEX-F230,"{'O': -2, 'C': -4, 'N': -1, 'H': -8}",EVODEX-P494
EVODEX-F231,"{'S': -1, 'O': -3, 'C': -11, 'N': -5, 'H': -16}",EVODEX-P495
EVODEX-F232,"{'O': -14, 'C': -17, 'N': -1, 'H': -27}",EVODEX-P500
EVODEX-F233,"{'O': -3, 'C': -6, 'N': -1, 'H': -5}","EVODEX-P501,EVODEX-P910,EVODEX-P984,EVODEX-P1018,EVODEX-P1648,EVODEX-P1785"
EVODEX-F234,"{'O': 14, 'C': 17, 'N': 1, 'H': 27}",EVODEX-P502
EVODEX-F235,"{'S': -1, 'O': -15, 'C': -21, 'P': -3, 'N': -7, 'H': -34}","EVODEX-P509,EVODEX-P1138"
EVODEX-F236,"{'O': 11, 'C': 12, 'H': 22}","EVODEX-P516,EVODEX-P885,EVODEX-P1755,EVODEX-P1908"
EVODEX-F237,"{'O': -3, 'C': -24, 'H': -38}",EVODEX-P518
EVODEX-F238,"{'O': -3, 'S': -1, 'C': -2, 'N': -1, 'H': -7}",EVODEX-P519
EVODEX-F239,"{'O': 3, 'C': 24, 'H': 38}",EVODEX-P520
EVODEX-F240,"{'O': -2, 'S': -1, 'C': -2, 'N': -1, 'H': -5}",EVODEX-P521
EVODEX-F241,"{'O': -10, 'C': -10, 'P': -2, 'N': -5, 'H': -13}","EVODEX-P528,EVODEX-P544,EVODEX-P1146"
EVODEX-F242,"{'O': 10, 'C': 10, 'P': 2, 'N': 5, 'H': 13}","EVODEX-P530,EVODEX-P538,EVODEX-P821"
EVODEX-F243,"{'N': -4, 'O': -7, 'C': -5, 'P': -2, 'H': -6}",EVODEX-P535
EVODEX-F244,"{'N': -1, 'O': -4, 'C': -5, 'H': -9}","EVODEX-P536,EVODEX-P1302,EVODEX-P1702,EVODEX-P1807"
EVODEX-F245,"{'N': 1, 'O': 7, 'C': 5, 'P': 1, 'H': 10}",EVODEX-P537
EVODEX-F246,"{'O': 3, 'C': 5, 'N': 1, 'H': 7}","EVODEX-P539,EVODEX-P1839"
EVODEX-F247,"{'N': -6, 'O': -10, 'C': -10, 'P': -2, 'H': -16}",EVODEX-P540
EVODEX-F248,"{'N': -1, 'O': 4, 'P': 1}",EVODEX-P542
EVODEX-F249,"{'O': 11, 'C': 10, 'P': 2, 'N': 5, 'H': 15}","EVODEX-P543,EVODEX-P1137"
EVODEX-F250,"{'N': 4, 'O': 11, 'C': 10, 'P': 2, 'H': 12}",EVODEX-P545
EVODEX-F251,"{'N': -1, 'C': -5, 'P': 1, 'H': -6}","EVODEX-P548,EVODEX-P1819"
EVODEX-F252,"{'N': 4, 'O': 7, 'C': 5, 'P': 2, 'H': 6}",EVODEX-P550
EVODEX-F253,"{'N': -1, 'O': -3, 'C': -5, 'H': -7}","EVODEX-P551,EVODEX-P1822,EVODEX-P1835"
EVODEX-F254,"{'O': -5, 'C': -5, 'H': -10}","EVODEX-P554,EVODEX-P1801"
EVODEX-F255,"{'O': -4, 'C': -5, 'H': -8}","EVODEX-P556,EVODEX-P1283,EVODEX-P1286,EVODEX-P1534,EVODEX-P1803"
EVODEX-F256,"{'O': -5, 'C': -5, 'H': -6}","EVODEX-P560,EVODEX-P1313"
EVODEX-F257,"{'N': 1, 'O': 4, 'C': 5, 'H': 9}","EVODEX-P566,EVODEX-P1318,EVODEX-P1826"
EVODEX-F258,"{'O': 5, 'C': 4, 'H': 4}",EVODEX-P567
EVODEX-F259,"{'N': 2, 'O': 2, 'C': 11, 'H': 12}","EVODEX-P575,EVODEX-P1848"
EVODEX-F260,{'O': 2},"EVODEX-P576,EVODEX-P767,EVODEX-P1615"
EVODEX-F261,"{'N': -5, 'O': -2, 'C': -5, 'P': -1, 'H': -4}",EVODEX-P582
EVODEX-F262,"{'N': -2, 'O': -7, 'C': -1, 'P': -2, 'H': -2}",EVODEX-P587
EVODEX-F263,"{'N': 3, 'O': 3, 'C': 9, 'H': 13}",EVODEX-P588
EVODEX-F264,"{'N': -4, 'O': -8, 'C': -9, 'P': -1, 'H': -15}",EVODEX-P591
EVODEX-F265,"{'O': 1, 'C': 1}","EVODEX-P592,EVODEX-P696,EVODEX-P861,EVODEX-P1374"
EVODEX-F266,"{'N': 3, 'O': -2, 'C': 10, 'P': -1, 'H': 8}",EVODEX-P593
EVODEX-F267,"{'N': 7, 'O': 6, 'C': 19, 'H': 23}","EVODEX-P594,EVODEX-P1567"
EVODEX-F268,"{'O': -1, 'C': -5, 'N': -1, 'H': -7}","EVODEX-P596,EVODEX-P1494"
EVODEX-F269,"{'O': -3, 'C': -10, 'N': -1, 'H': -13}",EVODEX-P597
EVODEX-F270,"{'O': 1, 'C': 5, 'N': 1, 'H': 7}",EVODEX-P598
EVODEX-F271,"{'O': 1, 'C': 7, 'H': 8}","EVODEX-P600,EVODEX-P1662"
EVODEX-F272,"{'O': -2, 'C': -6, 'N': -2, 'H': -6}","EVODEX-P602,EVODEX-P969,EVODEX-P1436,EVODEX-P1635"
EVODEX-F273,"{'O': 5, 'C': 16, 'N': 6, 'H': 26}",EVODEX-P603
EVODEX-F274,"{'O': -1, 'C': -6, 'N': -2, 'H': -4}","EVODEX-P604,EVODEX-P971,EVODEX-P1437,EVODEX-P1637"
EVODEX-F275,"{'O': -5, 'C': -16, 'N': -6, 'H': -26}",EVODEX-P605
EVODEX-F276,"{'O': -11, 'C': -29, 'N': -8, 'H': -44}",EVODEX-P608
EVODEX-F277,"{'O': 11, 'C': 29, 'N': 8, 'H': 44}",EVODEX-P610
EVODEX-F278,"{'O': -15, 'C': -5, 'P': -3, 'N': -7, 'H': -4}",EVODEX-P611
EVODEX-F279,"{'S': 1, 'O': 1, 'C': 16, 'H': 32}",EVODEX-P612
EVODEX-F280,"{'O': 6, 'C': 5, 'P': 1, 'N': 1, 'H': 10}",EVODEX-P616
EVODEX-F281,"{'O': 2, 'C': -2, 'P': 1, 'N': -1, 'H': -2}",EVODEX-P618
EVODEX-F282,"{'O': 10, 'C': 5, 'P': 2, 'N': 1, 'H': 13}",EVODEX-P620
EVODEX-F283,"{'N': 1, 'O': 7, 'C': 5, 'P': 1, 'H': 12}",EVODEX-P621
EVODEX-F284,"{'O': -11, 'C': -12, 'P': -2, 'N': -6, 'H': -18}",EVODEX-P622
EVODEX-F285,"{'N': 1, 'O': 3, 'C': 5, 'H': 9}",EVODEX-P623
EVODEX-F286,"{'N': -4, 'O': -3, 'C': -5, 'P': -1, 'H': -3}",EVODEX-P625
EVODEX-F287,"{'N': 1, 'O': -2, 'C': 2, 'P': -1, 'H': 2}",EVODEX-P626
EVODEX-F288,"{'N': -4, 'O': -8, 'C': -8, 'P': -2, 'H': -10}",EVODEX-P628
EVODEX-F289,"{'O': 1, 'C': 2, 'N': 1, 'H': 3}","EVODEX-P629,EVODEX-P902"
EVODEX-F290,"{'O': 1, 'C': 16, 'H': 31}",EVODEX-P632
EVODEX-F291,"{'N': 7, 'S': 1, 'O': 16, 'C': 21, 'P': 3, 'H': 34}",EVODEX-P634
EVODEX-F292,"{'N': 7, 'S': 1, 'O': 16, 'C': 21, 'P': 3, 'H': 35}",EVODEX-P635
EVODEX-F293,"{'C': -1, 'H': -3}",EVODEX-P636
EVODEX-F294,"{'O': 3, 'C': 7, 'H': 5}",EVODEX-P638
EVODEX-F295,"{'S': -1, 'O': -5, 'C': -14, 'N': -6, 'H': -21}","EVODEX-P639,EVODEX-P930,EVODEX-P1248"
EVODEX-F296,"{'O': -2, 'S': -1, 'C': -7, 'N': -6, 'H': -15}",EVODEX-P640
EVODEX-F297,"{'N': -1, 'O': -3, 'C': -9, 'H': -12}","EVODEX-P644,EVODEX-P1426"
EVODEX-F298,"{'O': -3, 'C': -9, 'N': -1, 'H': -13}",EVODEX-P645
EVODEX-F299,"{'O': 8, 'C': 5, 'P': 1, 'H': 13}",EVODEX-P657
EVODEX-F300,"{'O': 8, 'C': 5, 'P': 1, 'H': 12}",EVODEX-P661
EVODEX-F301,"{'O': -1, 'C': -5, 'H': -8}",EVODEX-P663
EVODEX-F302,"{'O': 1, 'C': 5, 'H': 8}",EVODEX-P665
EVODEX-F303,"{'O': -5, 'C': -3, 'P': -2, 'N': -3, 'H': -3}",EVODEX-P672
EVODEX-F304,"{'O': -8, 'C': -10, 'P': -2, 'N': -5, 'H': -13}",EVODEX-P677
EVODEX-F305,"{'O': 8, 'C': 10, 'P': 2, 'N': 5, 'H': 13}",EVODEX-P679
EVODEX-F306,"{'N': 2, 'O': 1, 'C': 11, 'P': -1, 'H': 12}",EVODEX-P684
EVODEX-F307,"{'N': 2, 'O': 8, 'C': 11, 'P': 1, 'H': 16}",EVODEX-P686
EVODEX-F308,"{'N': -1, 'O': -8, 'C': -4, 'P': -2, 'H': -1}",EVODEX-P690
EVODEX-F309,"{'N': 4, 'O': 2, 'C': 6, 'H': 14}",EVODEX-P691
EVODEX-F310,"{'N': -7, 'O': -6, 'C': -19, 'H': -23}",EVODEX-P695
EVODEX-F311,"{'O': 2, 'C': -12, 'P': 1, 'N': -5, 'H': -8}",EVODEX-P697
EVODEX-F312,"{'O': 8, 'C': 7, 'P': 1, 'N': 2, 'H': 15}",EVODEX-P699
EVODEX-F313,"{'N': 5, 'O': 3, 'C': -17, 'P': 1, 'H': -32}",EVODEX-P702
EVODEX-F314,"{'O': 4, 'C': 27, 'H': 46}",EVODEX-P703
EVODEX-F315,"{'O': 3, 'C': 27, 'H': 44}",EVODEX-P704
EVODEX-F316,"{'O': -3, 'C': 27, 'P': -2, 'H': 42}",EVODEX-P706
EVODEX-F317,"{'O': -3, 'C': 17, 'P': -1, 'N': -5, 'H': 32}",EVODEX-P707
EVODEX-F318,"{'N': 7, 'S': 1, 'O': 9, 'C': 21, 'P': 1, 'H': 32}",EVODEX-P711
EVODEX-F319,"{'N': 2, 'S': 1, 'O': 9, 'C': 11, 'P': 2, 'H': 22}",EVODEX-P713
EVODEX-F320,"{'O': -3, 'C': -27, 'H': -44}",EVODEX-P714
EVODEX-F321,"{'N': 12, 'S': 1, 'O': 22, 'C': 31, 'P': 4, 'H': 48}",EVODEX-P715
EVODEX-F322,"{'O': -10, 'C': -27, 'P': -2, 'H': -48}",EVODEX-P716
EVODEX-F323,"{'C': -5, 'H': -8}",EVODEX-P718
EVODEX-F324,"{'N': -2, 'O': -2, 'C': -11, 'H': -12}",EVODEX-P719
EVODEX-F325,"{'C': 5, 'H': 8}",EVODEX-P720
EVODEX-F326,"{'O': 5, 'C': -11, 'P': 2, 'N': -2, 'H': -8}",EVODEX-P721
EVODEX-F327,"{'O': -6, 'C': -6, 'H': -8}","EVODEX-P724,EVODEX-P1154"
EVODEX-F328,"{'O': -10, 'N': -2, 'C': 11, 'P': -2, 'H': 10}",EVODEX-P726
EVODEX-F329,"{'O': 6, 'C': 6, 'H': 8}","EVODEX-P727,EVODEX-P1156,EVODEX-P1226"
EVODEX-F330,"{'O': 2, 'C': 20, 'H': 24}",EVODEX-P728
EVODEX-F331,"{'N': 5, 'O': 9, 'C': 10, 'P': 2, 'H': 15}",EVODEX-P740
EVODEX-F332,"{'O': -7, 'C': -5, 'P': -1, 'H': -13}",EVODEX-P742
EVODEX-F333,"{'N': 3, 'O': 7, 'C': 9, 'P': 1, 'H': 12}","EVODEX-P743,EVODEX-P848,EVODEX-P1695"
EVODEX-F334,"{'C': -5, 'P': 1, 'H': -9}",EVODEX-P744
EVODEX-F335,"{'O': -7, 'C': -9, 'P': -1, 'N': -3, 'H': -12}","EVODEX-P745,EVODEX-P840,EVODEX-P845"
EVODEX-F336,"{'N': -5, 'O': -1, 'C': -4, 'P': -1, 'H': -2}","EVODEX-P749,EVODEX-P1096,EVODEX-P1222"
EVODEX-F337,"{'O': 2, 'C': 3, 'N': 2, 'H': 4}",EVODEX-P754
EVODEX-F338,"{'O': 8, 'C': 19, 'H': 18}",EVODEX-P762
EVODEX-F339,"{'O': -4, 'C': -4, 'H': -6}","EVODEX-P763,EVODEX-P1140"
EVODEX-F340,"{'O': 4, 'C': 15, 'H': 12}",EVODEX-P765
EVODEX-F341,"{'O': 3, 'C': 4, 'H': 6}",EVODEX-P766
EVODEX-F342,"{'O': -1, 'C': -4, 'H': -6}","EVODEX-P768,EVODEX-P1028"
EVODEX-F343,"{'O': 5, 'C': 15, 'H': 12}",EVODEX-P769
EVODEX-F344,"{'O': 1, 'C': 11, 'H': 6}",EVODEX-P771
EVODEX-F345,{'C': -1},"EVODEX-P774,EVODEX-P1613"
EVODEX-F346,"{'O': 3, 'C': 14, 'H': 12}",EVODEX-P777
EVODEX-F347,"{'O': 2, 'C': 4, 'H': 6}",EVODEX-P780
EVODEX-F348,"{'N': -2, 'O': -2, 'C': -4, 'P': -1, 'H': -3}",EVODEX-P785
EVODEX-F349,"{'O': -4, 'C': -10, 'N': -5, 'H': -11}","EVODEX-P788,EVODEX-P1128"
EVODEX-F350,"{'O': 4, 'C': 10, 'N': 5, 'H': 11}","EVODEX-P790,EVODEX-P1130"
EVODEX-F351,"{'O': 11, 'C': 6, 'P': 2, 'H': 12}",EVODEX-P795
EVODEX-F352,"{'O': -11, 'C': -6, 'P': -2, 'H': -12}",EVODEX-P797
EVODEX-F353,"{'O': -12, 'C': -29, 'N': -9, 'H': -37}",EVODEX-P801
EVODEX-F354,"{'S': 1, 'O': -10, 'C': -25, 'N': -8, 'H': -28}",EVODEX-P803
EVODEX-F355,"{'S': 1, 'O': 2, 'C': 4, 'N': 1, 'H': 9}",EVODEX-P804
EVODEX-F356,"{'O': -16, 'C': -18, 'H': -32}","EVODEX-P808,EVODEX-P1322,EVODEX-P1412"
EVODEX-F357,"{'O': -15, 'C': -18, 'H': -30}","EVODEX-P809,EVODEX-P1323"
EVODEX-F358,"{'O': -21, 'C': -24, 'H': -42}","EVODEX-P814,EVODEX-P1387"
EVODEX-F359,"{'O': -20, 'C': -24, 'H': -40}",EVODEX-P815
EVODEX-F360,"{'O': -11, 'C': -10, 'P': -2, 'N': -5, 'H': -15}","EVODEX-P819,EVODEX-P1012,EVODEX-P1473,EVODEX-P1874"
EVODEX-F361,"{'O': 7, 'C': 6, 'P': 2, 'N': 5, 'H': 9}","EVODEX-P820,EVODEX-P1143"
EVODEX-F362,"{'O': -7, 'C': -6, 'P': -2, 'N': -5, 'H': -9}","EVODEX-P825,EVODEX-P1150"
EVODEX-F363,"{'N': 2, 'S': 1, 'O': 5, 'C': 11, 'P': 1, 'H': 21}",EVODEX-P827
EVODEX-F364,"{'N': 12, 'S': 1, 'O': 26, 'C': 31, 'P': 5, 'H': 49}",EVODEX-P830
EVODEX-F365,"{'S': -1, 'O': -7, 'C': -10, 'P': -3, 'N': -6, 'H': -17}",EVODEX-P833
EVODEX-F366,"{'O': 9, 'C': 11, 'N': 1, 'H': 19}",EVODEX-P835
EVODEX-F367,"{'O': -3, 'N': -1, 'C': -5, 'P': -1, 'H': -13}","EVODEX-P837,EVODEX-P1331"
EVODEX-F368,"{'N': -3, 'O': -8, 'C': -9, 'P': -1, 'H': -14}",EVODEX-P838
EVODEX-F369,"{'O': 3, 'C': 5, 'P': 1, 'N': 1, 'H': 13}",EVODEX-P839
EVODEX-F370,"{'N': 1, 'O': 3, 'C': 13, 'P': -2, 'H': 17}",EVODEX-P847
EVODEX-F371,"{'N': 1, 'O': 10, 'C': 13, 'H': 21}",EVODEX-P849
EVODEX-F372,"{'O': -4, 'C': -23, 'N': -5, 'H': -27}",EVODEX-P851
EVODEX-F373,"{'O': 4, 'C': 23, 'N': 5, 'H': 27}",EVODEX-P853
EVODEX-F374,"{'S': 1, 'O': 6, 'C': 10, 'N': 3, 'H': 15}",EVODEX-P857
EVODEX-F375,"{'N': 3, 'S': 1, 'O': 6, 'C': 10, 'H': 16}",EVODEX-P859
EVODEX-F376,"{'O': 1, 'C': 1, 'H': 1}",EVODEX-P860
EVODEX-F377,"{'O': -4, 'C': -5, 'H': -6}","EVODEX-P874,EVODEX-P1500"
EVODEX-F378,"{'O': 4, 'C': 5, 'H': 4}",EVODEX-P877
EVODEX-F379,"{'O': -8, 'C': -11, 'N': -1, 'H': -17}",EVODEX-P881
EVODEX-F380,"{'O': 8, 'C': 11, 'N': 1, 'H': 17}",EVODEX-P883
EVODEX-F381,"{'O': -4, 'C': -20, 'N': -8, 'H': -30}",EVODEX-P887
EVODEX-F382,"{'O': 4, 'C': 20, 'N': 8, 'H': 30}",EVODEX-P889
EVODEX-F383,"{'O': -2, 'C': -2, 'H': -4}","EVODEX-P894,EVODEX-P1000,EVODEX-P1858"
EVODEX-F384,"{'O': 4, 'C': 2, 'P': 1, 'H': 7}",EVODEX-P897
EVODEX-F385,"{'O': 6, 'C': 3, 'P': 1, 'H': 7}","EVODEX-P898,EVODEX-P1846"
EVODEX-F386,"{'O': -6, 'C': -39, 'N': -5, 'H': -51}",EVODEX-P901
EVODEX-F387,"{'O': -5, 'C': -39, 'N': -5, 'H': -49}",EVODEX-P903
EVODEX-F388,"{'C': -10, 'N': -2, 'H': -12}",EVODEX-P907
EVODEX-F389,"{'S': -1, 'C': -2, 'H': -2}",EVODEX-P909
EVODEX-F390,"{'S': 1, 'C': 2, 'H': 2}",EVODEX-P911
EVODEX-F391,"{'N': 5, 'O': 7, 'C': 7, 'P': 2, 'H': 11}",EVODEX-P916
EVODEX-F392,"{'O': -11, 'C': -40, 'N': -12, 'H': -64}",EVODEX-P920
EVODEX-F393,"{'O': -4, 'C': -11, 'N': -3, 'H': -21}",EVODEX-P921
EVODEX-F394,"{'O': 11, 'C': 40, 'N': 12, 'H': 64}",EVODEX-P922
EVODEX-F395,"{'O': -3, 'C': -11, 'N': -3, 'H': -19}",EVODEX-P923
EVODEX-F396,"{'C': -3, 'N': -1, 'H': -5}","EVODEX-P925,EVODEX-P1063"
EVODEX-F397,"{'O': 3, 'C': 21, 'N': 3, 'H': 24}",EVODEX-P929
EVODEX-F398,"{'S': -1, 'O': -2, 'C': 7, 'N': -3, 'H': 4}",EVODEX-P932
EVODEX-F399,"{'O': -1, 'C': -8, 'H': -6}",EVODEX-P934
EVODEX-F400,"{'O': 3, 'C': 7, 'N': 2, 'H': 4}",EVODEX-P936
EVODEX-F401,"{'O': 4, 'C': 7, 'N': 2, 'H': 6}",EVODEX-P938
EVODEX-F402,"{'O': 3, 'C': 9, 'N': 1, 'H': 13}",EVODEX-P942
EVODEX-F403,"{'O': 3, 'C': 9, 'N': 1, 'H': 11}",EVODEX-P945
EVODEX-F404,"{'O': 2, 'C': 9, 'N': 1, 'H': 11}","EVODEX-P946,EVODEX-P1484,EVODEX-P1603,EVODEX-P1704"
EVODEX-F405,"{'O': 2, 'C': 9, 'N': 1, 'H': 9}",EVODEX-P947
EVODEX-F406,"{'O': -2, 'C': -4, 'N': -2, 'H': -6}","EVODEX-P951,EVODEX-P1896"
EVODEX-F407,"{'O': -10, 'S': -2, 'C': -27, 'N': -9, 'H': -49}",EVODEX-P957
EVODEX-F408,"{'S': 1, 'O': 4, 'C': 10, 'N': 2, 'H': 10}",EVODEX-P961
EVODEX-F409,"{'S': 1, 'O': 5, 'C': 10, 'N': 2, 'H': 12}",EVODEX-P963
EVODEX-F410,"{'O': -3, 'C': -17, 'N': -6, 'H': -30}",EVODEX-P968
EVODEX-F411,"{'O': 3, 'C': 17, 'N': 6, 'H': 30}",EVODEX-P970
EVODEX-F412,"{'S': 1, 'O': -3, 'P': -2, 'H': -2}",EVODEX-P980
EVODEX-F413,"{'S': 1, 'O': 4, 'H': 2}",EVODEX-P981
EVODEX-F414,"{'O': -1, 'C': -8, 'H': -14}",EVODEX-P983
EVODEX-F415,"{'O': 1, 'C': 8, 'H': 14}",EVODEX-P985
EVODEX-F416,"{'O': -7, 'C': -3, 'P': -1, 'H': -9}",EVODEX-P995
EVODEX-F417,"{'O': -2, 'C': -6, 'P': 1, 'H': -9}","EVODEX-P1007,EVODEX-P1255"
EVODEX-F418,"{'N': -3, 'O': -6, 'C': 1, 'P': -2, 'H': 1}",EVODEX-P1014
EVODEX-F419,"{'N': 2, 'O': 5, 'C': 11, 'H': 16}",EVODEX-P1015
EVODEX-F420,"{'S': -1, 'O': -8, 'C': -8, 'N': -1, 'H': -13}",EVODEX-P1017
EVODEX-F421,"{'S': 1, 'O': 8, 'C': 8, 'N': 1, 'H': 13}",EVODEX-P1019
EVODEX-F422,"{'N': -3, 'O': -2, 'P': -1}",EVODEX-P1024
EVODEX-F423,"{'N': 2, 'O': 8, 'C': 10, 'P': 1, 'H': 15}",EVODEX-P1026
EVODEX-F424,"{'O': -8, 'C': -5, 'P': -1, 'H': -11}",EVODEX-P1041
EVODEX-F425,"{'N': 5, 'C': 5, 'H': 3}",EVODEX-P1042
EVODEX-F426,"{'O': 6, 'P': 2, 'H': 2}",EVODEX-P1043
EVODEX-F427,"{'N': 5, 'O': -6, 'C': 5, 'P': -2, 'H': 1}",EVODEX-P1051
EVODEX-F428,"{'N': 5, 'O': 1, 'C': 5, 'H': 5}",EVODEX-P1053
EVODEX-F429,"{'C': -7, 'N': -3, 'H': -21}",EVODEX-P1055
EVODEX-F430,"{'O': 1, 'C': -7, 'N': -3, 'H': -19}",EVODEX-P1056
EVODEX-F431,"{'C': -7, 'N': -3, 'H': -19}",EVODEX-P1057
EVODEX-F432,"{'O': 1, 'C': -7, 'N': -3, 'H': -17}",EVODEX-P1061
EVODEX-F433,"{'C': -3, 'N': -1, 'H': -7}",EVODEX-P1062
EVODEX-F434,"{'C': 3, 'N': 1, 'H': 5}",EVODEX-P1065
EVODEX-F435,"{'O': 7, 'C': 9, 'P': 2, 'N': 5, 'H': 13}",EVODEX-P1071
EVODEX-F436,"{'O': 3, 'C': 1, 'H': 2}",EVODEX-P1073
EVODEX-F437,"{'O': -2, 'C': 1, 'P': -1, 'H': -1}","EVODEX-P1074,EVODEX-P1455,EVODEX-P1575"
EVODEX-F438,"{'N': -5, 'O': -7, 'C': -9, 'P': -2, 'H': -13}",EVODEX-P1076
EVODEX-F439,"{'O': -1, 'C': 3, 'P': -1, 'H': 1}",EVODEX-P1077
EVODEX-F440,"{'N': -5, 'O': -7, 'C': -7, 'P': -2, 'H': -11}","EVODEX-P1078,EVODEX-P1772"
EVODEX-F441,"{'O': 2, 'C': 3, 'H': 2}",EVODEX-P1080
EVODEX-F442,"{'O': -6, 'C': -1, 'P': -1, 'H': -3}",EVODEX-P1081
EVODEX-F443,"{'O': 12, 'C': 13, 'P': 2, 'N': 5, 'H': 17}",EVODEX-P1082
EVODEX-F444,"{'O': -10, 'C': 1, 'P': -2, 'N': -2, 'H': -2}",EVODEX-P1085
EVODEX-F445,"{'O': 2, 'C': 10, 'H': 12}",EVODEX-P1087
EVODEX-F446,"{'N': -2, 'O': -5, 'C': -9, 'H': -10}",EVODEX-P1089
EVODEX-F447,"{'O': 5, 'C': 9, 'N': 2, 'H': 10}",EVODEX-P1091
EVODEX-F448,"{'O': -7, 'C': -10, 'P': -1, 'N': -5, 'H': -12}","EVODEX-P1092,EVODEX-P1234,EVODEX-P1358,EVODEX-P1790"
EVODEX-F449,"{'O': -2, 'C': -9, 'N': -1, 'H': -11}",EVODEX-P1101
EVODEX-F450,"{'O': 1, 'C': 6, 'N': 4, 'H': 12}",EVODEX-P1102
EVODEX-F451,"{'O': -1, 'C': -9, 'N': -1, 'H': -9}","EVODEX-P1103,EVODEX-P1491"
EVODEX-F452,"{'O': -1, 'C': -6, 'N': -4, 'H': -12}","EVODEX-P1104,EVODEX-P1353"
EVODEX-F453,"{'N': -5, 'O': -4, 'C': -4, 'P': -2, 'H': -3}",EVODEX-P1109
EVODEX-F454,"{'O': -1, 'C': -24, 'H': -46}",EVODEX-P1112
EVODEX-F455,"{'O': 1, 'C': 24, 'H': 46}",EVODEX-P1114
EVODEX-F456,"{'S': -1, 'O': -13, 'C': -3, 'P': -3, 'N': -6, 'H': 3}",EVODEX-P1115
EVODEX-F457,"{'O': 3, 'C': 18, 'N': 1, 'H': 39}",EVODEX-P1116
EVODEX-F458,"{'O': -1, 'C': 1, 'H': 2}",EVODEX-P1117
EVODEX-F459,"{'S': 1, 'O': 17, 'C': 23, 'P': 3, 'N': 7, 'H': 38}",EVODEX-P1118
EVODEX-F460,"{'S': -1, 'O': -18, 'C': -25, 'P': -3, 'N': -7, 'H': -40}",EVODEX-P1121
EVODEX-F461,"{'O': -17, 'N': -7, 'S': -1, 'C': -23, 'P': -3, 'H': -38}",EVODEX-P1124
EVODEX-F462,"{'O': -1, 'C': -8, 'N': -1, 'H': -11}",EVODEX-P1135
EVODEX-F463,"{'S': -1, 'O': -5, 'C': -11, 'P': -1, 'N': -2, 'H': -21}",EVODEX-P1142
EVODEX-F464,"{'S': -1, 'O': -26, 'C': -31, 'P': -5, 'N': -12, 'H': -49}",EVODEX-P1144
EVODEX-F465,"{'S': -1, 'O': -12, 'C': -21, 'P': -2, 'N': -7, 'H': -33}",EVODEX-P1147
EVODEX-F466,"{'C': -4, 'P': 1, 'H': -3}",EVODEX-P1149
EVODEX-F467,"{'O': 7, 'C': 4, 'P': 1, 'H': 7}",EVODEX-P1152
EVODEX-F468,"{'C': -7, 'H': -6}",EVODEX-P1157
EVODEX-F469,"{'C': 6, 'N': 2, 'H': 4}",EVODEX-P1160
EVODEX-F470,"{'O': 6, 'C': 3, 'P': 1, 'H': 6}",EVODEX-P1164
EVODEX-F471,"{'O': 4, 'P': 1, 'H': 2}",EVODEX-P1166
EVODEX-F472,"{'O': 4, 'P': 1, 'H': 1}",EVODEX-P1167
EVODEX-F473,"{'N': -1, 'O': -4, 'C': -7, 'H': -10}",EVODEX-P1174
EVODEX-F474,"{'O': 4, 'C': 7, 'N': 1, 'H': 11}",EVODEX-P1176
EVODEX-F475,"{'N': 1, 'O': 4, 'C': 7, 'H': 10}",EVODEX-P1177
EVODEX-F476,"{'O': -4, 'C': -7, 'N': -1, 'H': -9}",EVODEX-P1178
EVODEX-F477,"{'N': 3, 'S': 1, 'O': 1, 'C': 19, 'P': -2, 'H': 31}","EVODEX-P1184,EVODEX-P1201"
EVODEX-F478,"{'S': 1, 'O': 11, 'C': 29, 'N': 8, 'H': 46}","EVODEX-P1186,EVODEX-P1203,EVODEX-P1382"
EVODEX-F479,"{'O': -3, 'C': -4, 'H': -5}",EVODEX-P1191
EVODEX-F480,"{'O': 1, 'C': 7, 'H': 14}",EVODEX-P1195
EVODEX-F481,"{'O': 1, 'C': 7, 'H': 12}",EVODEX-P1196
EVODEX-F482,"{'F': 1, 'O': 1, 'C': 2, 'H': 3}",EVODEX-P1206
EVODEX-F483,"{'O': 1, 'C': 2, 'H': 3}",EVODEX-P1211
EVODEX-F484,"{'S': -1, 'O': -1, 'C': -5, 'N': -1, 'H': -9}",EVODEX-P1215
EVODEX-F485,"{'S': 1, 'O': 1, 'C': 5, 'N': 1, 'H': 9}",EVODEX-P1217
EVODEX-F486,"{'O': -8, 'N': -2, 'C': 5, 'P': -2, 'H': -6}",EVODEX-P1227
EVODEX-F487,"{'O': 4, 'C': 14, 'H': 8}",EVODEX-P1228
EVODEX-F488,"{'N': -5, 'O': -10, 'C': -11, 'P': -2, 'H': -17}",EVODEX-P1231
EVODEX-F489,"{'O': 10, 'C': 11, 'P': 2, 'N': 5, 'H': 17}",EVODEX-P1233
EVODEX-F490,"{'N': 1, 'C': 8, 'H': 7}","EVODEX-P1237,EVODEX-P1691,EVODEX-P1842"
EVODEX-F491,"{'O': -7, 'C': -11, 'N': -1, 'H': -13}",EVODEX-P1241
EVODEX-F492,"{'O': -6, 'C': -11, 'N': -1, 'H': -11}",EVODEX-P1242
EVODEX-F493,"{'O': 2, 'C': 2, 'N': 1, 'H': 4}",EVODEX-P1247
EVODEX-F494,"{'S': -1, 'O': -3, 'C': -12, 'N': -5, 'H': -16}",EVODEX-P1249
EVODEX-F495,"{'O': -8, 'C': -27, 'N': -10, 'H': -40}",EVODEX-P1258
EVODEX-F496,"{'O': 8, 'C': 27, 'N': 10, 'H': 40}",EVODEX-P1260
EVODEX-F497,"{'O': 7, 'C': 15, 'N': 6, 'H': 18}",EVODEX-P1261
EVODEX-F498,"{'O': 8, 'C': 15, 'N': 6, 'H': 20}",EVODEX-P1262
EVODEX-F499,"{'N': -4, 'O': -5, 'C': -3, 'P': -2, 'H': -4}",EVODEX-P1270
EVODEX-F500,"{'N': 1, 'O': 5, 'C': 7, 'H': 11}",EVODEX-P1272
EVODEX-F501,"{'O': 6, 'C': 20, 'N': 7, 'H': 21}",EVODEX-P1276
EVODEX-F502,"{'O': 4, 'C': 5, 'H': 8}","EVODEX-P1284,EVODEX-P1289"
EVODEX-F503,"{'O': -5, 'C': 6, 'P': -2, 'N': -2, 'H': -4}",EVODEX-P1288
EVODEX-F504,"{'O': 7, 'C': 15, 'H': 10}",EVODEX-P1290
EVODEX-F505,"{'C': -6, 'N': -3, 'H': -7}",EVODEX-P1294
EVODEX-F506,"{'O': -7, 'P': -2, 'H': -3}",EVODEX-P1295
EVODEX-F507,"{'N': 1, 'S': 1, 'O': -3, 'C': 6, 'P': -1, 'H': 7}",EVODEX-P1296
EVODEX-F508,"{'C': 6, 'N': 3, 'H': 8}",EVODEX-P1297
EVODEX-F509,"{'N': 1, 'S': 1, 'O': 4, 'C': 6, 'P': 1, 'H': 11}",EVODEX-P1298
EVODEX-F510,"{'O': -3, 'C': -6, 'H': -10}",EVODEX-P1300
EVODEX-F511,"{'O': 2, 'C': -1, 'H': -4}",EVODEX-P1301
EVODEX-F512,"{'O': -2, 'C': 1, 'H': 4}",EVODEX-P1303
EVODEX-F513,"{'O': 2, 'C': 6, 'N': 1, 'H': 13}",EVODEX-P1305
EVODEX-F514,"{'O': 5, 'C': 5, 'H': 6}","EVODEX-P1306,EVODEX-P1705"
EVODEX-F515,"{'O': -6, 'C': 7, 'P': -2, 'N': -2, 'H': -2}",EVODEX-P1309
EVODEX-F516,"{'O': 6, 'C': 16, 'H': 12}",EVODEX-P1311
EVODEX-F517,"{'O': 2, 'C': -2, 'P': 1, 'H': -1}",EVODEX-P1315
EVODEX-F518,"{'O': -6, 'C': -3, 'P': -1, 'N': -1, 'H': -8}",EVODEX-P1316
EVODEX-F519,"{'O': -2, 'C': 2, 'P': -1, 'H': 1}",EVODEX-P1317
EVODEX-F520,"{'O': 7, 'C': 3, 'P': 1, 'H': 5}",EVODEX-P1319
EVODEX-F521,"{'O': -3, 'C': -5, 'H': -8}",EVODEX-P1328
EVODEX-F522,"{'O': -4, 'N': -1, 'C': -5, 'P': -1, 'H': -15}",EVODEX-P1329
EVODEX-F523,"{'O': 3, 'C': 5, 'H': 8}",EVODEX-P1330
EVODEX-F524,"{'C': 7, 'N': 3, 'H': 19}",EVODEX-P1337
EVODEX-F525,"{'O': -1, 'C': 7, 'N': 3, 'H': 17}",EVODEX-P1338
EVODEX-F526,"{'O': 9, 'C': 17, 'P': 2, 'N': 8, 'H': 32}",EVODEX-P1340
EVODEX-F527,"{'O': -4, 'C': 7, 'P': -1, 'N': 3, 'H': 16}",EVODEX-P1341
EVODEX-F528,"{'O': -10, 'C': -3, 'P': -2, 'N': -2, 'H': 4}",EVODEX-P1342
EVODEX-F529,"{'S': -1, 'O': -5, 'C': -10, 'N': -3, 'H': -15}",EVODEX-P1343
EVODEX-F530,"{'N': 3, 'S': 1, 'O': 6, 'C': 10, 'H': 17}",EVODEX-P1346
EVODEX-F531,"{'N': 3, 'S': 1, 'O': 2, 'C': 10, 'P': -1, 'H': 14}",EVODEX-P1347
EVODEX-F532,"{'S': -1, 'O': -9, 'C': -10, 'P': -1, 'N': -3, 'H': -18}",EVODEX-P1348
EVODEX-F533,"{'S': -1, 'O': 4, 'P': 2, 'N': 2, 'H': -2}",EVODEX-P1349
EVODEX-F534,"{'S': 1, 'O': 5, 'C': 10, 'N': 3, 'H': 15}",EVODEX-P1350
EVODEX-F535,"{'N': -2, 'S': 1, 'O': -4, 'P': -2, 'H': 2}",EVODEX-P1351
EVODEX-F536,"{'O': -10, 'C': -44, 'N': -11, 'H': -61}",EVODEX-P1354
EVODEX-F537,"{'O': -9, 'C': -44, 'N': -11, 'H': -59}",EVODEX-P1355
EVODEX-F538,"{'O': 7, 'C': 10, 'P': 1, 'N': 5, 'H': 12}","EVODEX-P1360,EVODEX-P1792"
EVODEX-F539,"{'O': -7, 'P': -2, 'N': -2, 'H': -4}",EVODEX-P1365
EVODEX-F540,"{'O': 5, 'C': 9, 'H': 10}",EVODEX-P1367
EVODEX-F541,"{'N': -4, 'O': -15, 'C': -34, 'H': -44}",EVODEX-P1372
EVODEX-F542,"{'O': 1, 'C': -4, 'P': 1, 'N': 2, 'H': 1}",EVODEX-P1373
EVODEX-F543,"{'O': -5, 'C': 8, 'P': -3, 'N': 1, 'H': 10}",EVODEX-P1380
EVODEX-F544,"{'O': -17, 'C': -24, 'P': 1, 'H': -39}",EVODEX-P1388
EVODEX-F545,"{'O': -2, 'C': -6, 'N': -3, 'H': -11}","EVODEX-P1398,EVODEX-P1524"
EVODEX-F546,"{'O': -2, 'C': -6, 'N': -3, 'H': -9}",EVODEX-P1404
EVODEX-F547,"{'O': 2, 'C': 6, 'N': 3, 'H': 11}","EVODEX-P1408,EVODEX-P1526"
EVODEX-F548,"{'O': -12, 'C': -18, 'P': 1, 'H': -29}",EVODEX-P1413
EVODEX-F549,"{'N': -3, 'O': -2, 'C': -4, 'H': -9}",EVODEX-P1419
EVODEX-F550,"{'N': 2, 'O': 8, 'C': 6, 'P': 2, 'H': 6}",EVODEX-P1420
EVODEX-F551,"{'O': 2, 'C': 6, 'N': 2, 'H': 6}",EVODEX-P1438
EVODEX-F552,"{'O': 2, 'C': 6, 'N': 2, 'H': 4}",EVODEX-P1439
EVODEX-F553,"{'N': -7, 'O': -6, 'C': -19, 'H': -21}",EVODEX-P1442
EVODEX-F554,"{'O': 2, 'C': -10, 'P': 1, 'N': -5, 'H': -8}",EVODEX-P1444
EVODEX-F555,"{'O': 8, 'C': 9, 'P': 1, 'N': 2, 'H': 13}",EVODEX-P1445
EVODEX-F556,"{'S': -1, 'O': -3}",EVODEX-P1447
EVODEX-F557,"{'N': -4, 'O': 2, 'C': 4, 'P': -2, 'H': 8}",EVODEX-P1449
EVODEX-F558,"{'S': 1, 'O': 3}",EVODEX-P1450
EVODEX-F559,"{'N': 1, 'O': 12, 'C': 14, 'H': 23}",EVODEX-P1451
EVODEX-F560,"{'N': 5, 'O': 12, 'C': 11, 'P': 2, 'H': 15}",EVODEX-P1456
EVODEX-F561,"{'N': -4, 'O': -1, 'C': -5, 'H': -4}",EVODEX-P1462
EVODEX-F562,"{'N': -4, 'O': 6, 'C': -5, 'P': 2}",EVODEX-P1463
EVODEX-F563,"{'O': -9, 'C': -6, 'P': -1, 'H': -12}",EVODEX-P1470
EVODEX-F564,"{'O': -9, 'C': -6, 'P': -1, 'H': -11}",EVODEX-P1471
EVODEX-F565,"{'O': 1, 'C': 12, 'P': -2, 'H': 28}",EVODEX-P1474
EVODEX-F566,"{'N': 5, 'O': 12, 'C': 22, 'H': 43}",EVODEX-P1476
EVODEX-F567,"{'O': -3, 'C': -9, 'H': -8}","EVODEX-P1478,EVODEX-P1700"
EVODEX-F568,"{'O': 1, 'C': -6, 'H': -4}",EVODEX-P1480
EVODEX-F569,"{'O': -3, 'C': -3, 'N': -1, 'H': -7}",EVODEX-P1481
EVODEX-F570,"{'O': -1, 'C': 6, 'H': 4}",EVODEX-P1482
EVODEX-F571,"{'O': 4, 'C': 3, 'H': 4}",EVODEX-P1485
EVODEX-F572,"{'O': -2, 'C': -5, 'N': -1, 'H': -9}",EVODEX-P1492
EVODEX-F573,"{'O': 1, 'C': 9, 'N': 1, 'H': 9}","EVODEX-P1493,EVODEX-P1605"
EVODEX-F574,"{'O': 1, 'C': 10, 'H': 16}",EVODEX-P1497
EVODEX-F575,"{'O': -2, 'C': -6, 'N': -2, 'H': -16}",EVODEX-P1503
EVODEX-F576,"{'N': -2, 'O': -1, 'C': -6, 'H': -13}",EVODEX-P1504
EVODEX-F577,"{'O': -1, 'C': -6, 'N': -2, 'H': -14}",EVODEX-P1505
EVODEX-F578,"{'N': -2, 'O': -2, 'C': -6, 'H': -15}",EVODEX-P1507
EVODEX-F579,"{'N': 1, 'O': 1, 'C': 5, 'H': 11}",EVODEX-P1515
EVODEX-F580,"{'O': 1, 'C': 5, 'N': 1, 'H': 10}",EVODEX-P1516
EVODEX-F581,"{'C': -2, 'N': -1, 'H': -7}",EVODEX-P1525
EVODEX-F582,"{'O': 1, 'C': -2, 'N': -1, 'H': -5}",EVODEX-P1527
EVODEX-F583,"{'S': 1, 'O': 2, 'C': 8, 'N': 1, 'H': 13}",EVODEX-P1531
EVODEX-F584,"{'S': 1, 'O': 3, 'C': 8, 'N': 1, 'H': 15}",EVODEX-P1533
EVODEX-F585,"{'O': -1, 'C': -1, 'N': -1, 'H': -1}",EVODEX-P1538
EVODEX-F586,"{'O': 1, 'C': 1, 'N': 1, 'H': 1}",EVODEX-P1540
EVODEX-F587,"{'N': 2, 'O': -2, 'C': 5, 'P': -1, 'H': 9}",EVODEX-P1541
EVODEX-F588,"{'O': 9, 'P': 3, 'H': 3}",EVODEX-P1545
EVODEX-F589,"{'N': 2, 'O': -7, 'C': 1, 'P': -2, 'H': -2}",EVODEX-P1546
EVODEX-F590,"{'O': -9, 'P': -3, 'H': -3}",EVODEX-P1547
EVODEX-F591,"{'N': 5, 'O': 4, 'C': 10, 'H': 13}",EVODEX-P1548
EVODEX-F592,"{'N': -1, 'O': -7, 'C': -5, 'P': -2, 'H': -3}",EVODEX-P1557
EVODEX-F593,"{'N': 4, 'O': 3, 'C': 5, 'H': 12}",EVODEX-P1558
EVODEX-F594,"{'N': 5, 'O': 7, 'C': 10, 'P': 1, 'H': 14}","EVODEX-P1563,EVODEX-P1882"
EVODEX-F595,"{'O': 9, 'C': 19, 'P': 1, 'N': 7, 'H': 24}",EVODEX-P1565
EVODEX-F596,"{'O': 5, 'C': 19, 'N': 7, 'H': 21}",EVODEX-P1569
EVODEX-F597,"{'O': -11, 'C': -11, 'P': -2, 'N': -5, 'H': -15}",EVODEX-P1570
EVODEX-F598,"{'N': 7, 'O': 2, 'C': 19, 'P': -1, 'H': 20}",EVODEX-P1571
EVODEX-F599,"{'N': 2, 'O': -4, 'C': 9, 'P': -2, 'H': 8}",EVODEX-P1573
EVODEX-F600,"{'N': -5, 'O': -8, 'C': -9, 'P': -2, 'H': -13}",EVODEX-P1576
EVODEX-F601,"{'O': 2, 'C': -1, 'P': 1, 'H': 1}",EVODEX-P1578
EVODEX-F602,"{'O': -6, 'N': -1, 'C': -5, 'P': -1, 'H': -14}",EVODEX-P1582
EVODEX-F603,"{'O': -5, 'N': -1, 'C': -5, 'P': -1, 'H': -12}",EVODEX-P1583
EVODEX-F604,"{'O': 1, 'C': 9, 'N': 1, 'H': 11}",EVODEX-P1604
EVODEX-F605,"{'O': 2, 'C': 9, 'N': 1, 'H': 13}",EVODEX-P1607
EVODEX-F606,"{'O': -7, 'C': -10, 'P': -1, 'N': -2, 'H': -13}",EVODEX-P1617
EVODEX-F607,"{'N': 2, 'O': 7, 'C': 10, 'P': 1, 'H': 13}",EVODEX-P1619
EVODEX-F608,"{'C': -10, 'N': -1, 'H': -9}",EVODEX-P1623
EVODEX-F609,"{'O': 4, 'C': 12, 'N': 2, 'H': 14}",EVODEX-P1624
EVODEX-F610,"{'O': 1, 'C': -10, 'N': -1, 'H': -7}",EVODEX-P1625
EVODEX-F611,"{'O': -4, 'C': -12, 'N': -2, 'H': -14}",EVODEX-P1626
EVODEX-F612,"{'O': -4, 'C': -4, 'P': -1, 'H': -11}",EVODEX-P1629
EVODEX-F613,"{'O': 4, 'C': 6, 'N': 2, 'H': 2}","EVODEX-P1630,EVODEX-P1802"
EVODEX-F614,"{'O': -3, 'C': -4, 'P': -1, 'H': -9}",EVODEX-P1631
EVODEX-F615,"{'O': -4, 'C': -6, 'N': -2, 'H': -2}","EVODEX-P1632,EVODEX-P1800"
EVODEX-F616,"{'O': 2, 'C': 7, 'N': 2, 'H': 10}",EVODEX-P1636
EVODEX-F617,"{'O': -2, 'C': -7, 'N': -2, 'H': -10}",EVODEX-P1638
EVODEX-F618,"{'O': -8, 'C': -9, 'H': -14}",EVODEX-P1641
EVODEX-F619,"{'O': 8, 'C': 9, 'H': 14}",EVODEX-P1643
EVODEX-F620,"{'N': -1, 'O': -3, 'C': -4, 'H': -6}",EVODEX-P1655
EVODEX-F621,"{'N': -2, 'O': -14, 'C': -22, 'H': -36}",EVODEX-P1658
EVODEX-F622,"{'O': 14, 'C': 22, 'N': 2, 'H': 36}",EVODEX-P1660
EVODEX-F623,"{'N': -2, 'O': -11, 'C': -2, 'P': -2, 'H': -6}",EVODEX-P1661
EVODEX-F624,"{'C': 9, 'H': 9}",EVODEX-P1666
EVODEX-F625,"{'O': -1, 'C': 9, 'H': 7}",EVODEX-P1668
EVODEX-F626,"{'O': -1, 'C': 9, 'H': 8}",EVODEX-P1670
EVODEX-F627,"{'O': -1, 'H': 1}",EVODEX-P1671
EVODEX-F628,"{'C': 9, 'H': 10}",EVODEX-P1673
EVODEX-F629,"{'N': -2, 'O': -6, 'C': -1, 'P': -2, 'H': -2}",EVODEX-P1679
EVODEX-F630,"{'N': 3, 'O': 4, 'C': 9, 'H': 13}",EVODEX-P1680
EVODEX-F631,"{'N': -1, 'O': -9, 'C': -8, 'P': -1, 'H': -16}",EVODEX-P1682
EVODEX-F632,"{'N': -1, 'O': -2, 'C': -8, 'P': 1, 'H': -12}",EVODEX-P1683
EVODEX-F633,"{'O': -1, 'C': 8, 'N': 1, 'H': 5}",EVODEX-P1690
EVODEX-F634,"{'N': 1, 'O': -3, 'C': 2, 'P': -1, 'H': 4}",EVODEX-P1694
EVODEX-F635,"{'N': 1, 'O': 4, 'C': 2, 'P': 1, 'H': 8}",EVODEX-P1696
EVODEX-F636,"{'O': 2, 'C': -4, 'H': -2}",EVODEX-P1701
EVODEX-F637,"{'O': -2, 'C': 4, 'H': 2}",EVODEX-P1703
EVODEX-F638,"{'O': 2, 'C': 6, 'N': 2, 'H': 16}",EVODEX-P1710
EVODEX-F639,"{'N': 2, 'O': 2, 'C': 6, 'H': 15}",EVODEX-P1712
EVODEX-F640,"{'N': 2, 'O': 1, 'C': 6, 'H': 13}",EVODEX-P1715
EVODEX-F641,"{'O': 1, 'C': 6, 'N': 2, 'H': 14}",EVODEX-P1716
EVODEX-F642,"{'O': -3, 'C': -18, 'N': -2, 'H': -20}",EVODEX-P1719
EVODEX-F643,"{'O': 2, 'C': 8, 'N': 5, 'H': 15}",EVODEX-P1720
EVODEX-F644,"{'O': -2, 'C': -18, 'N': -2, 'H': -18}",EVODEX-P1721
EVODEX-F645,"{'O': -2, 'C': -8, 'N': -5, 'H': -15}",EVODEX-P1722
EVODEX-F646,"{'O': -1, 'C': -5, 'N': -4, 'H': -2}",EVODEX-P1727
EVODEX-F647,"{'N': -2, 'O': -8, 'C': -6, 'P': -2, 'H': -8}",EVODEX-P1732
EVODEX-F648,"{'O': 4, 'C': 3, 'H': 6}",EVODEX-P1734
EVODEX-F649,"{'O': 5, 'C': 6, 'H': 9}",EVODEX-P1738
EVODEX-F650,"{'O': 5, 'C': 6, 'H': 8}",EVODEX-P1739
EVODEX-F651,"{'O': 15, 'C': 18, 'H': 30}",EVODEX-P1743
EVODEX-F652,"{'O': 21, 'C': 24, 'H': 42}",EVODEX-P1745
EVODEX-F653,"{'N': -2, 'C': -7, 'H': -7}",EVODEX-P1750
EVODEX-F654,"{'C': -7, 'N': -2, 'H': -6}",EVODEX-P1751
EVODEX-F655,"{'O': -1, 'C': 3, 'P': -2, 'N': -2, 'H': 8}",EVODEX-P1754
EVODEX-F656,"{'N': 4, 'O': 2, 'C': 5, 'H': 3}",EVODEX-P1757
EVODEX-F657,"{'O': 2, 'C': 5, 'N': 4, 'H': 2}",EVODEX-P1761
EVODEX-F658,"{'O': -15, 'C': -16, 'P': -2, 'N': -5, 'H': -23}",EVODEX-P1775
EVODEX-F659,"{'O': -7, 'C': -3, 'P': -1, 'H': -7}",EVODEX-P1780
EVODEX-F660,"{'N': 5, 'O': 3, 'C': 7, 'P': 1, 'H': 8}",EVODEX-P1781
EVODEX-F661,"{'O': -4, 'C': -6, 'H': -10}",EVODEX-P1784
EVODEX-F662,"{'O': 4, 'C': 6, 'H': 10}",EVODEX-P1786
EVODEX-F663,"{'N': -8, 'O': -5, 'C': -19, 'H': -20}",EVODEX-P1806
EVODEX-F664,"{'N': 3, 'O': -5, 'C': 9, 'P': -2, 'H': 5}",EVODEX-P1809
EVODEX-F665,"{'N': 8, 'O': 8, 'C': 19, 'P': 1, 'H': 21}",EVODEX-P1810
EVODEX-F666,"{'N': 8, 'O': 4, 'C': 19, 'H': 18}",EVODEX-P1811
EVODEX-F667,"{'N': -6, 'O': -13, 'C': -15, 'P': -2, 'H': -22}",EVODEX-P1813
EVODEX-F668,"{'N': -8, 'O': -1, 'C': -19, 'P': 1, 'H': -17}",EVODEX-P1814
EVODEX-F669,"{'N': -3, 'O': 5, 'C': -9, 'P': 2, 'H': -5}",EVODEX-P1817
EVODEX-F670,"{'O': -4, 'C': -19, 'N': -8, 'H': -18}",EVODEX-P1820
EVODEX-F671,"{'O': 6, 'C': 5, 'P': 2, 'N': 4, 'H': 6}","EVODEX-P1821,EVODEX-P1838"
EVODEX-F672,"{'N': -4, 'O': -6, 'C': -5, 'P': -2, 'H': -6}",EVODEX-P1828
EVODEX-F673,"{'N': 1, 'C': 5, 'P': -1, 'H': 6}",EVODEX-P1829
EVODEX-F674,"{'N': 1, 'H': 3}",EVODEX-P1830
EVODEX-F675,"{'N': -1, 'O': -7, 'C': -5, 'P': -1, 'H': -10}",EVODEX-P1832
EVODEX-F676,"{'N': -4, 'O': -10, 'C': -10, 'P': -2, 'H': -12}",EVODEX-P1833
EVODEX-F677,"{'N': 1, 'O': -4, 'P': -1}",EVODEX-P1834
EVODEX-F678,"{'O': -1, 'N': 1, 'H': 1}",EVODEX-P1836
EVODEX-F679,"{'O': 9, 'C': 10, 'P': 2, 'N': 6, 'H': 16}",EVODEX-P1840
EVODEX-F680,"{'C': -8, 'N': -1, 'H': -7}",EVODEX-P1843
EVODEX-F681,"{'O': 1, 'C': -8, 'N': -1, 'H': -5}",EVODEX-P1844
EVODEX-F682,"{'O': 7, 'C': 3, 'P': 1, 'H': 9}",EVODEX-P1845
EVODEX-F683,"{'O': 4, 'P': 1, 'N': -1, 'H': 2}",EVODEX-P1849
EVODEX-F684,"{'N': -1, 'O': -8, 'C': -4, 'P': -2, 'H': -11}",EVODEX-P1854
EVODEX-F685,"{'N': 1, 'O': 3, 'C': 6, 'H': 5}",EVODEX-P1855
EVODEX-F686,"{'S': 1, 'O': -2, 'C': -2, 'H': -2}",EVODEX-P1860
EVODEX-F687,"{'S': 1, 'H': 2}",EVODEX-P1861
EVODEX-F688,"{'N': -5, 'O': -13, 'C': -15, 'P': -2, 'H': -22}",EVODEX-P1862
EVODEX-F689,"{'N': -2, 'O': -1, 'C': -6, 'H': -7}",EVODEX-P1865
EVODEX-F690,"{'N': -2, 'C': -6, 'H': -5}",EVODEX-P1866
EVODEX-F691,"{'N': 5, 'O': 13, 'C': 15, 'P': 2, 'H': 21}",EVODEX-P1867
EVODEX-F692,"{'N': -5, 'O': -7, 'C': 6, 'P': -1, 'H': 20}",EVODEX-P1875
EVODEX-F693,"{'O': 4, 'C': 16, 'P': 1, 'H': 35}",EVODEX-P1877
EVODEX-F694,"{'N': 2, 'O': -4, 'C': 1, 'P': -1, 'H': -1}",EVODEX-P1881
EVODEX-F695,"{'O': -37, 'C': -62, 'H': -42}",EVODEX-P1884
EVODEX-F696,"{'O': -9, 'C': -14, 'H': -10}",EVODEX-P1885
EVODEX-F697,"{'O': 37, 'C': 62, 'H': 42}",EVODEX-P1886
EVODEX-F698,"{'O': -8, 'C': -14, 'H': -8}",EVODEX-P1887
EVODEX-F699,"{'O': 3, 'C': 4, 'H': 5}",EVODEX-P1890
EVODEX-F700,"{'O': -3, 'C': -15, 'N': -2, 'H': -22}",EVODEX-P1897
EVODEX-F701,"{'O': 2, 'C': 4, 'N': 2, 'H': 6}",EVODEX-P1898
EVODEX-F702,"{'O': -2, 'C': -15, 'N': -2, 'H': -20}",EVODEX-P1899
EVODEX-F703,"{'O': -5, 'C': -8, 'N': -1, 'H': -13}",EVODEX-P1904
EVODEX-F704,"{'O': -6, 'C': -8, 'N': -1, 'H': -15}",EVODEX-P1905
EVODEX-F705,"{'O': 5, 'C': 8, 'N': 1, 'H': 13}",EVODEX-P1906
EVODEX-F706,"{'O': 5, 'C': 4, 'N': -1, 'H': 7}",EVODEX-P1907
