https://gofile.io/d/7pXNov, 404 - Album not found
https://gofile.io/d/hQHYLb, 404 - Album not found
https://www.reddit.com/r/AssClapLovers300/s/phOLDSdU5x, See Log for Details
https://www.reddit.com/r/AssClapLovers300/s/wu5rOYu354, See Log for Details
https://gofile.io/d/gsHawI, 404 - Album not found
https://gofile.io/d/2tzniR, 404 - Album not found
https://gofile.io/d/pSaCwP, 404 - Album not found
https://gofile.io/d/3oCT6x, 404 - Album not found
https://gofile.io/d/iB00oo, 404 - Album not found
https://gofile.io/d/S6GzHk, 404 - Album not found
https://gofile.io/d/dY4rR5, 404 - Album not found
