,security_name,industry_sector,id_isin,crncy
MVOL LN Equity,iShares Edge MSCI World Minimu,Funds,IE00B8FHGS14,USD
MINV LN Equity,iShares Edge MSCI World Minimu,Funds,IE00B8FHGS14,GBp
IQQ0 GY Equity,iShares Edge MSCI World Minimu,Funds,IE00B8FHGS14,EUR
MVOL SW Equity,iShares Edge MSCI World Minimu,Funds,IE00B8FHGS14,CHF
MVOL IM Equity,iShares Edge MSCI World Minimu,Funds,IE00B8FHGS14,EUR
WMVG LN Equity,iShares Edge MSCI World Minimu,Funds,IE00BGPP8L80,GBP
XGSD GR Equity,Xtrackers Stoxx Global Select,Funds,LU0292096186,EUR
XGSD GY Equity,Xtrackers Stoxx Global Select,Funds,LU0292096186,EUR
XGSD IM Equity,Xtrackers Stoxx Global Select,Funds,LU0292096186,EUR
XGSD GS Equity,Xtrackers Stoxx Global Select,Funds,LU0292096186,EUR
XGSD LN Equity,Xtrackers Stoxx Global Select,Funds,LU0292096186,GBp
XGDD LN Equity,Xtrackers Stoxx Global Select,Funds,LU0292096186,USD
XGSD SW Equity,Xtrackers Stoxx Global Select,Funds,LU0292096186,CHF
EGMW LN Equity,iShares MSCI World ESG Enhance,Funds,IE00BHZPJ569,GBP
EDMW GY Equity,iShares MSCI World ESG Enhance,Funds,IE00BHZPJ569,EUR
EDMW SW Equity,iShares MSCI World ESG Enhance,Funds,IE00BHZPJ569,USD
EDMWX IX Equity,iShares MSCI World ESG Enhance,Funds,IE00BHZPJ569,GBP
EEWD LN Equity,iShares MSCI World ESG Enhance,Funds,IE00BG11HV38,USD
EMND GY Equity,iShares MSCI World ESG Enhance,Funds,IE00BG11HV38,EUR
EEWDX IX Equity,iShares MSCI World ESG Enhance,Funds,IE00BG11HV38,GBP
EEWG LN Equity,iShares MSCI World ESG Enhance,Funds,IE00BG11HV38,GBP
CRBN US Equity,iShares MSCI ACWI Low Carbon T,Funds,US46434V4648,USD
SDG US Equity,iShares MSCI Global Sustainabl,Funds,US46435G5320,USD
USMV US Equity,iShares MSCI USA Min Vol Facto,Funds,US46429B6974,USD
IVV US Equity,iShares Core S&P 500 ETF,Funds,US4642872000,USD
SPY US Equity,SPDR S&P 500 ETF Trust,Funds,US78462F1030,USD
SPY AU Equity,SPDR S&P 500 ETF Trust,Funds,AU000000SPY3,AUD
1557 JP Equity,SPDR S&P 500 ETF Trust,Funds,US78462F1030,JPY
LSPU LN Equity,Amundi S&P 500 II UCITS ETF,Funds,LU0496786657,USD
6TVM GY Equity,Amundi S&P 500 II UCITS ETF,Funds,LU0496786657,EUR
LSPX LN Equity,Amundi S&P 500 II UCITS ETF,Funds,LU0496786657,GBp
LYSP5 SW Equity,Amundi S&P 500 II UCITS ETF,Funds,LU0496786657,USD
LYPS GY Equity,Amundi S&P 500 II UCITS ETF,Funds,LU0496786574,EUR
LYPS PW Equity,Amundi S&P 500 II UCITS ETF,Funds,LU0496786574,PLN
SP5 FP Equity,Amundi S&P 500 II UCITS ETF,Funds,LU0496786574,EUR
SPX IM Equity,Amundi S&P 500 II UCITS ETF,Funds,LU0496786574,EUR
SP5H FP Equity,Amundi S&P 500 II UCITS ETF,Funds,LU0959211243,EUR
SPXH IM Equity,Amundi S&P 500 II UCITS ETF,Funds,LU0959211243,EUR
LYP2 GY Equity,Amundi S&P 500 II UCITS ETF,Funds,LU0959211243,EUR
SPHC IM Equity,Amundi S&P 500 II UCITS ETF,Funds,LU0959211326,EUR
LYP7 GS Equity,Amundi S&P 500 II UCITS ETF,Funds,LU1135865084,EUR
SP5C FP Equity,Amundi S&P 500 II UCITS ETF,Funds,LU1135865084,EUR
SP5C LN Equity,Amundi S&P 500 II UCITS ETF,Funds,LU1135865084,USD
SP5CN MM Equity,Amundi S&P 500 II UCITS ETF,Funds,LU1135865084,MXN
SP5L LN Equity,Amundi S&P 500 II UCITS ETF,Funds,LU1135865084,GBP
LYSPH SW Equity,Amundi S&P 500 II UCITS ETF,Funds,LU1302703878,CHF
SP5G LN Equity,Amundi S&P 500 II UCITS ETF,Funds,LU1950341179,GBP
VUSA LN Equity,Vanguard S&P 500 UCITS ETF,Funds,IE00B3XXRP09,GBP
VUSD LN Equity,Vanguard S&P 500 UCITS ETF,Funds,IE00B3XXRP09,USD
DIA US Equity,SPDR Dow Jones Industrial Aver,Funds,US78467X1090,USD
DIA SP Equity,SPDR Dow Jones Industrial Aver,Funds,US78467X1090,USD
QQQ US Equity,Invesco QQQ Trust Series 1,Funds,US46090E1038,USD
EQQQ IM Equity,Invesco EQQQ Nasdaq-100 UCITS,Funds,IE0032077012,EUR
EQQQ SW Equity,Invesco EQQQ Nasdaq-100 UCITS,Funds,IE0032077012,USD
EQQQ LN Equity,Invesco EQQQ Nasdaq-100 UCITS,Funds,IE0032077012,GBp
EQQU LN Equity,Invesco EQQQ Nasdaq-100 UCITS,Funds,IE0032077012,USD
EQQQ FP Equity,Invesco EQQQ Nasdaq-100 UCITS,Funds,IE0032077012,EUR
EQAC SW Equity,Invesco EQQQ Nasdaq-100 UCITS,Funds,IE00BFZXGZ54,USD
EQAC IM Equity,Invesco EQQQ Nasdaq-100 UCITS,Funds,IE00BFZXGZ54,EUR
VTV US Equity,Vanguard Value ETF,Funds,US9229087443,USD
IWR US Equity,iShares Russell Mid-Cap ETF,Funds,US4642874998,USD
IWM US Equity,iShares Russell 2000 ETF,Funds,US4642876555,USD
EDMU GY Equity,iShares MSCI USA ESG Enhanced,Funds,IE00BHZPJ908,EUR
EDMU SW Equity,iShares MSCI USA ESG Enhanced,Funds,IE00BHZPJ908,USD
OM3L GY Equity,iShares MSCI USA ESG Enhanced,Funds,IE00BHZPJ890,EUR
EEDG LN Equity,iShares MSCI USA ESG Enhanced,Funds,IE00BHZPJ890,GBP
ESGU US Equity,iShares ESG Aware MSCI USA ETF,Funds,US46435G4257,USD
SUSL US Equity,iShares ESG MSCI USA Leaders E,Funds,US46435U2188,USD
RSP US Equity,Invesco S&P 500 Equal Weight E,Funds,US46137V3574,USD
MVEU LN Equity,iShares Edge MSCI Europe Minim,Funds,IE00B86MWN23,EUR
IMV LN Equity,iShares Edge MSCI Europe Minim,Funds,IE00B86MWN23,GBp
EUN0 GY Equity,iShares Edge MSCI Europe Minim,Funds,IE00B86MWN23,EUR
MVEU SW Equity,iShares Edge MSCI Europe Minim,Funds,IE00B86MWN23,CHF
MVEU IM Equity,iShares Edge MSCI Europe Minim,Funds,IE00B86MWN23,EUR
IMVU LN Equity,iShares Edge MSCI Europe Minim,Funds,IE00B86MWN23,USD
MVED LN Equity,iShares Edge MSCI Europe Minim,Funds,IE00BG13YK79,EUR
EUN2 GR Equity,iShares Core EURO STOXX 50 UCI,Funds,IE0008471009,EUR
EUNE SW Equity,iShares Core EURO STOXX 50 UCI,Funds,IE0008471009,CHF
EUE LN Equity,iShares Core EURO STOXX 50 UCI,Funds,IE0008471009,GBp
EUE IM Equity,iShares Core EURO STOXX 50 UCI,Funds,IE0008471009,EUR
SX5EEX GY Equity,iShares Core EURO STOXX 50 UCI,Funds,DE0005933956,EUR
SX5EEX SW Equity,iShares Core EURO STOXX 50 UCI,Funds,DE0005933956,EUR
HEZU US Equity,iShares Currency Hedged MSCI E,Funds,US46434V6395,USD
ISF LN Equity,iShares plc - iShares Core FTS,Funds,IE0005042456,GBp
ISF IM Equity,iShares plc - iShares Core FTS,Funds,IE0005042456,EUR
ISF SW Equity,iShares plc - iShares Core FTS,Funds,IE0005042456,CHF
IUSZ GY Equity,iShares plc - iShares Core FTS,Funds,IE0005042456,EUR
ISFU LN Equity,iShares plc - iShares Core FTS,Funds,IE0005042456,USD
ISFD LN Equity,iShares plc - iShares Core FTS,Funds,IE00BYZ28W67,USD
ISFD SW Equity,iShares plc - iShares Core FTS,Funds,IE00BYZ28W67,USD
DAXEX GR Equity,iShares Core DAX UCITS ETF DE,Funds,DE0005933931,EUR
DAXEX IM Equity,iShares Core DAX UCITS ETF DE,Funds,DE0005933931,EUR
DAXEX SW Equity,iShares Core DAX UCITS ETF DE,Funds,DE0005933931,CHF
IMIB LN Equity,iShares FTSE MIB UCITS ETF EUR,Funds,IE00B1XNH568,GBp
LYXIB SM Equity,AMUNDI IBEX 35 UCITS ETF,Funds,FR0010251744,EUR
EWP US Equity,iShares MSCI Spain ETF,Funds,US4642867646,USD
EDM6 GY Equity,iShares MSCI Europe ESG Enhanc,Funds,IE00BHZPJ783,EUR
EDM6 SW Equity,iShares MSCI Europe ESG Enhanc,Funds,IE00BHZPJ783,EUR
EMNU GY Equity,iShares MSCI Europe ESG Enhanc,Funds,IE00BHZPJ676,EUR
EEUD LN Equity,iShares MSCI Europe ESG Enhanc,Funds,IE00BHZPJ676,GBP
EFA US Equity,iShares MSCI EAFE ETF,Funds,US4642874659,USD
HEFA US Equity,iShares Currency Hedged MSCI E,Funds,US46434V8037,USD
ESGD US Equity,iShares ESG Aware MSCI EAFE ET,Funds,US46435G5163,USD
DMXF US Equity,iShares ESG Advanced MSCI EAFE,Funds,US46436E7590,USD
1591 JP Equity,NEXT FUNDS JPX-Nikkei Index 40,Funds,JP3047670009,JPY
1321 JP Equity,NEXT FUNDS Nikkei 225 Exchange,Funds,JP3027650005,JPY
1306 JP Equity,NEXT FUNDS TOPIX Exchange Trad,Funds,JP3027630007,JPY
DXJ US Equity,WisdomTree Japan Hedged Equity,Funds,US97717W8516,USD
IJPD LN Equity,iShares MSCI Japan USD Hedged,Funds,IE00BCLWRG39,USD
IJPD SW Equity,iShares MSCI Japan USD Hedged,Funds,IE00BCLWRG39,USD
IJPE LN Equity,iShares MSCI Japan EUR Hedged,Funds,IE00B42Z5J44,EUR
IBCG GY Equity,iShares MSCI Japan EUR Hedged,Funds,IE00B42Z5J44,EUR
IJPE IM Equity,iShares MSCI Japan EUR Hedged,Funds,IE00B42Z5J44,EUR
IJPE SW Equity,iShares MSCI Japan EUR Hedged,Funds,IE00B42Z5J44,EUR
EDMJ SE Equity,iShares MSCI Japan ESG Enhance,Funds,IE00BHZPJ452,USD
EDMJ GY Equity,iShares MSCI Japan ESG Enhance,Funds,IE00BHZPJ452,EUR
EDMJ SW Equity,iShares MSCI Japan ESG Enhance,Funds,IE00BHZPJ452,USD
EEJD LN Equity,iShares MSCI Japan ESG Enhance,Funds,IE00BHZPJ346,USD
EMNJ GY Equity,iShares MSCI Japan ESG Enhance,Funds,IE00BHZPJ346,EUR
EEJG LN Equity,iShares MSCI Japan ESG Enhance,Funds,IE00BHZPJ346,GBP
IFFF LN Equity,iShares plc - iShares MSCI AC,Funds,IE00B0M63730,GBp
IQQF GY Equity,iShares plc - iShares MSCI AC,Funds,IE00B0M63730,EUR
IFFF IM Equity,iShares plc - iShares MSCI AC,Funds,IE00B0M63730,EUR
IFFF SW Equity,iShares plc - iShares MSCI AC,Funds,IE00B0M63730,USD
IDFF LN Equity,iShares plc - iShares MSCI AC,Funds,IE00B0M63730,USD
EEMV US Equity,iShares MSCI Emerging Markets,Funds,US4642865335,USD
VWO US Equity,Vanguard FTSE Emerging Markets,Funds,US9220428588,USD
EEM US Equity,iShares MSCI Emerging Markets,Funds,US4642872349,USD
EDM2 GY Equity,iShares MSCI EM ESG Enhanced U,Funds,IE00BHZPJ239,EUR
EDG2 LN Equity,iShares MSCI EM ESG Enhanced U,Funds,IE00BHZPJ239,GBP
EDM2 SW Equity,iShares MSCI EM ESG Enhanced U,Funds,IE00BHZPJ239,USD
EEDM LN Equity,iShares MSCI EM ESG Enhanced U,Funds,IE00BHZPJ122,USD
EGDM LN Equity,iShares MSCI EM ESG Enhanced U,Funds,IE00BHZPJ122,GBP
ESGE US Equity,iShares ESG Aware MSCI EM ETF,Funds,US46434G8630,USD
STW AU Equity,SPDR S&P/ASX 200 Fund,Funds,AU000000STW9,AUD
3188 HK Equity,ChinaAMC ETF Series - ChinaAMC,Funds,HK0000123577,HKD
83188 HK Equity,ChinaAMC ETF Series - ChinaAMC,Funds,HK0000110269,CNY
2828 HK Equity,Hang Seng Investment Index Fun,Funds,HK2828013055,HKD
FXI US Equity,iShares China Large-Cap ETF,Funds,US4642871846,USD
2801 HK Equity,iShares Asia Trust - iShares C,Funds,HK2801040828,HKD
2822 HK Equity,CSOP FTSE China A50 ETF,Funds,HK0000127412,HKD
82822 HK Equity,CSOP FTSE China A50 ETF,Funds,HK0000112307,CNY
2823 HK Equity,iShares FTSE China A50 ETF,Funds,HK2823028546,HKD
82823 HK Equity,iShares FTSE China A50 ETF,Funds,HK0000343787,CNY
2800 HK Equity,Tracker Fund of Hong Kong Ltd,Funds,HK2800008867,HKD
EWH US Equity,iShares MSCI Hong Kong ETF,Funds,US4642868719,USD
VNM US Equity,VanEck Vietnam ETF,Funds,US92189F8178,USD
EWT US Equity,iShares MSCI Taiwan ETF,Funds,US46434G7723,USD
EWY US Equity,iShares MSCI South Korea ETF,Funds,US4642867729,USD
EWM US Equity,iShares MSCI Malaysia ETF,Funds,US46434G8143,USD
THD US Equity,iShares MSCI Thailand ETF,Funds,US4642866242,USD
INDA US Equity,iShares MSCI India ETF,Funds,US46429B5984,USD
EWW US Equity,iShares MSCI Mexico ETF,Funds,US4642868222,USD
EWZ US Equity,iShares MSCI Brazil ETF,Funds,US4642864007,USD
IXJ US Equity,iShares Global Healthcare ETF,Funds,US4642873255,USD
XLV US Equity,Health Care Select Sector SPDR,Funds,US81369Y2090,USD
IBB US Equity,iShares Biotechnology ETF,Funds,US4642875565,USD
SBIO LN Equity,Invesco NASDAQ Biotech UCITS E,Funds,IE00BQ70R696,USD
SBIO SW Equity,Invesco NASDAQ Biotech UCITS E,Funds,IE00BQ70R696,USD
NBTK GR Equity,Invesco NASDAQ Biotech UCITS E,Funds,IE00BQ70R696,EUR
SBIO IM Equity,Invesco NASDAQ Biotech UCITS E,Funds,IE00BQ70R696,EUR
XBI US Equity,SPDR S&P Biotech ETF,Funds,US78464A8707,USD
XLK US Equity,Technology Select Sector SPDR,Funds,US81369Y8030,USD
3033 HK Equity,CSOP Hang Seng Tech Index ETF,Funds,HK0000642568,HKD
HACK US Equity,Amplify Cybersecurity ETF,Funds,US0321086649,USD
IXG US Equity,iShares Global Financials ETF,Funds,US4642873339,USD
KBE US Equity,SPDR S&P Bank ETF,Funds,US78464A7972,USD
XLF US Equity,Financial Select Sector SPDR F,Funds,US81369Y6059,USD
KRE US Equity,SPDR S&P Regional Banking ETF,Funds,US78464A6982,USD
SX7EEX GR Equity,iShares EURO STOXX Banks 30-15,Funds,DE0006289309,EUR
EXX1 GY Equity,iShares EURO STOXX Banks 30-15,Funds,DE0006289309,EUR
SX7EEX SW Equity,iShares EURO STOXX Banks 30-15,Funds,DE0006289309,EUR
XLP US Equity,Consumer Staples Select Sector,Funds,US81369Y3080,USD
XLC US Equity,Communication Services Select,Funds,US81369Y8527,USD
XLY US Equity,Consumer Discretionary Select,Funds,US81369Y4070,USD
IYC US Equity,iShares U.S. Consumer Discreti,Funds,US4642875805,USD
XHB US Equity,SPDR S&P Homebuilders ETF,Funds,US78464A8889,USD
IXP US Equity,iShares Global Comm Services E,Funds,US4642872752,USD
XLU US Equity,Utilities Select Sector SPDR F,Funds,US81369Y8865,USD
XLI US Equity,Industrial Select Sector SPDR,Funds,US81369Y7040,USD
IND FP Equity,Amundi STOXX Europe 600 Indust,Funds,LU1834987890,EUR
INDG IM Equity,Amundi STOXX Europe 600 Indust,Funds,LU1834987890,EUR
LIGS GY Equity,Amundi STOXX Europe 600 Indust,Funds,LU1834987890,EUR
INDU GY Equity,Amundi STOXX Europe 600 Indust,Funds,LU2082997789,EUR
INGS SW Equity,Amundi STOXX Europe 600 Indust,Funds,LU2082997789,CHF
XLE US Equity,Energy Select Sector SPDR Fund,Funds,US81369Y5069,USD
XOP US Equity,SPDR S&P Oil & Gas Exploration,Funds,US78468R5569,USD
GDX US Equity,VanEck Gold Miners ETF/USA,Funds,US92189F1066,USD
GDX AU Equity,VanEck Gold Miners ETF,Funds,AU000000GDX6,AUD
ICLN US Equity,iShares Global Clean Energy ET,Funds,US4642882249,USD
XLB US Equity,Materials Select Sector SPDR F,Funds,US81369Y1001,USD
VNQ US Equity,Vanguard Real Estate ETF,Funds,US9229085538,USD
XLRE US Equity,Real Estate Select Sector SPDR,Funds,US81369Y8600,USD
IASP LN Equity,iShares Asia Property Yield UC,Funds,IE00B1FZS244,GBp
IDAR LN Equity,iShares Asia Property Yield UC,Funds,IE00B1FZS244,USD
IQQ4 GY Equity,iShares Asia Property Yield UC,Funds,IE00B1FZS244,EUR
IASP IM Equity,iShares Asia Property Yield UC,Funds,IE00B1FZS244,EUR
IASP SW Equity,iShares Asia Property Yield UC,Funds,IE00B1FZS244,USD
AYEP GY Equity,iShares Asia Property Yield UC,Funds,IE00BGDPWV87,EUR
SHY US Equity,iShares 1-3 Year Treasury Bond,Funds,US4642874576,USD
IEI US Equity,iShares 3-7 Year Treasury Bond,Funds,US4642886612,USD
IBTS LN Equity,iShares USD Treasury Bond 1-3y,Funds,IE00B14X4S71,GBP
IUSU GY Equity,iShares USD Treasury Bond 1-3y,Funds,IE00B14X4S71,EUR
IDBT LN Equity,iShares USD Treasury Bond 1-3y,Funds,IE00B14X4S71,USD
IBTS IM Equity,iShares USD Treasury Bond 1-3y,Funds,IE00B14X4S71,EUR
IBTS SW Equity,iShares USD Treasury Bond 1-3y,Funds,IE00B14X4S71,USD
IBTM LN Equity,iShares USD Treasury Bond 7-10,Funds,IE00B1FZS798,GBP
IDTM LN Equity,iShares USD Treasury Bond 7-10,Funds,IE00B1FZS798,USD
IUSM GY Equity,iShares USD Treasury Bond 7-10,Funds,IE00B1FZS798,EUR
IBTM IM Equity,iShares USD Treasury Bond 7-10,Funds,IE00B1FZS798,EUR
IBTM SW Equity,iShares USD Treasury Bond 7-10,Funds,IE00B1FZS798,USD
TLT US Equity,iShares 20+ Year Treasury Bond,Funds,US4642874329,USD
IBTL LN Equity,iShares USD Treasury Bond 20+y,Funds,IE00BSKRJZ44,GBp
IDTL LN Equity,iShares USD Treasury Bond 20+y,Funds,IE00BSKRJZ44,USD
IS04 GY Equity,iShares USD Treasury Bond 20+y,Funds,IE00BSKRJZ44,EUR
IDTL SW Equity,iShares USD Treasury Bond 20+y,Funds,IE00BSKRJZ44,USD
DTLA LN Equity,iShares USD Treasury Bond 20+y,Funds,IE00BFM6TC58,USD
DTLE LN Equity,iShares USD Treasury Bond 20+y,Funds,IE00BD8PGZ49,EUR
IDTG LN Equity,iShares USD Treasury Bond 20+y,Funds,IE00BK5MT033,GBP
DTLC SW Equity,iShares USD Treasury Bond 20+y,Funds,IE00BD8PH067,CHF
EUNH GY Equity,iShares Core EUR Govt Bond UCI,Funds,IE00B4WXJJ64,EUR
IMBS LN Equity,iShares US Mortgage Backed Sec,Funds,IE00BZ6V7883,USD
IGSD LN Equity,iShares USD Short Duration Cor,Funds,IE00BCRY5Y77,GBP
IS3J GY Equity,iShares USD Short Duration Cor,Funds,IE00BCRY5Y77,EUR
SDIG LN Equity,iShares USD Short Duration Cor,Funds,IE00BCRY5Y77,USD
SDIG SW Equity,iShares USD Short Duration Cor,Funds,IE00BCRY5Y77,CHF
LQDE LN Equity,iShares USD Corp Bond UCITS ET,Funds,IE0032895942,USD
IBCD GY Equity,iShares USD Corp Bond UCITS ET,Funds,IE0032895942,EUR
LQDE IM Equity,iShares USD Corp Bond UCITS ET,Funds,IE0032895942,EUR
LQDE SW Equity,iShares USD Corp Bond UCITS ET,Funds,IE0032895942,USD
LQDS LN Equity,iShares USD Corp Bond UCITS ET,Funds,IE0032895942,GBp
IEAC LN Equity,iShares Core EUR Corp Bond UCI,Funds,IE00B3F81R35,EUR
IEBC LN Equity,iShares Core EUR Corp Bond UCI,Funds,IE00B3F81R35,GBP
EUN5 GY Equity,iShares Core EUR Corp Bond UCI,Funds,IE00B3F81R35,EUR
IEAC IM Equity,iShares Core EUR Corp Bond UCI,Funds,IE00B3F81R35,EUR
IEAC SW Equity,iShares Core EUR Corp Bond UCI,Funds,IE00B3F81R35,CHF
CHCORP SW Equity,iShares Core CHF Corporate Bon,Funds,CH0226976816,CHF
SLXX LN Equity,iShares Core GBP Corp Bond UCI,Funds,IE00B00FV011,GBP
SLXX SW Equity,iShares Core GBP Corp Bond UCI,Funds,IE00B00FV011,GBP
SUSU LN Equity,iShares USD Corp Bond 0-3yr ES,Funds,IE00BZ048579,USD
SNAV GY Equity,iShares USD Corp Bond 0-3yr ES,Funds,IE00BZ048579,EUR
SUSU SE Equity,iShares USD Corp Bond 0-3yr ES,Funds,IE00BZ048579,USD
IHYU LN Equity,iShares USD High Yield Corp Bo,Funds,IE00B4PY7Y77,USD
SHYU LN Equity,iShares USD High Yield Corp Bo,Funds,IE00B4PY7Y77,GBP
IHYU SW Equity,iShares USD High Yield Corp Bo,Funds,IE00B4PY7Y77,CHF
IS0R GY Equity,iShares USD High Yield Corp Bo,Funds,IE00B4PY7Y77,EUR
IHYU IM Equity,iShares USD High Yield Corp Bo,Funds,IE00B4PY7Y77,EUR
IHYG LN Equity,iShares EUR High Yield Corp Bo,Funds,IE00B66F4759,EUR
SHYG LN Equity,iShares EUR High Yield Corp Bo,Funds,IE00B66F4759,GBP
EUNW GY Equity,iShares EUR High Yield Corp Bo,Funds,IE00B66F4759,EUR
IHYG IM Equity,iShares EUR High Yield Corp Bo,Funds,IE00B66F4759,EUR
IHYG SW Equity,iShares EUR High Yield Corp Bo,Funds,IE00B66F4759,CHF
EHYA SW Equity,iShares EUR High Yield Corp Bo,Funds,IE00BJK55C48,EUR
2821 HK Equity,ABF PAN ASIA BOND INDEX FUND,Funds,SG9999002026,USD
1349 JP Equity,ABF PAN ASIA BOND INDEX FUND,Funds,SG9999002026,JPY
AJAC SP Equity,iShares J.P. Morgan USD Asia C,Funds,SG2D32970329,USD
AHYG SP Equity,iShares USD Asia High Yield Bo,Funds,SG2D83975482,USD
BGRN US Equity,iShares USD Green Bond ETF,Funds,US46435U4408,USD
IEMB LN Equity,iShares J.P. Morgan USD EM Bon,Funds,IE00B2NPKV68,USD
SEMB LN Equity,iShares J.P. Morgan USD EM Bon,Funds,IE00B2NPKV68,GBp
EEMB LN Equity,iShares J.P. Morgan USD EM Bon,Funds,IE00B2NPKV68,EUR
IUS7 GY Equity,iShares J.P. Morgan USD EM Bon,Funds,IE00B2NPKV68,EUR
IEMB IM Equity,iShares J.P. Morgan USD EM Bon,Funds,IE00B2NPKV68,EUR
IEMB SW Equity,iShares J.P. Morgan USD EM Bon,Funds,IE00B2NPKV68,USD
EMES LN Equity,iShares JP Morgan ESG USD EM B,Funds,IE00BDDRDW15,USD
36B1 GY Equity,iShares JP Morgan ESG USD EM B,Funds,IE00BDDRDW15,EUR
EMES SW Equity,iShares JP Morgan ESG USD EM B,Funds,IE00BDDRDW15,USD
SYBM GY Equity,SPDR Bloomberg Emerging Market,Funds,IE00B4613386,EUR
EMDL LN Equity,SPDR Bloomberg Emerging Market,Funds,IE00B4613386,GBP
EMDD LN Equity,SPDR Bloomberg Emerging Market,Funds,IE00B4613386,USD
EMLD FP Equity,SPDR Bloomberg Emerging Market,Funds,IE00B4613386,EUR
EMDL SE Equity,SPDR Bloomberg Emerging Market,Funds,IE00B4613386,CHF
EMLD IM Equity,SPDR Bloomberg Emerging Market,Funds,IE00B4613386,EUR
SPFD GY Equity,SPDR Bloomberg Emerging Market,Funds,IE00BK8JH525,EUR
EMDE IM Equity,SPDR Bloomberg Emerging Market,Funds,IE00BK8JH525,EUR
SPFA GY Equity,SPDR Bloomberg Emerging Market,Funds,IE00BFWFPY67,EUR
EMDA SE Equity,SPDR Bloomberg Emerging Market,Funds,IE00BFWFPY67,CHF
CWB US Equity,SPDR Bloomberg Convertible Sec,Funds,US78464A3591,USD
EGIL LN Equity,iShares Global Inflation Linke,Funds,IE00B3B8PX14,EUR
IGIL LN Equity,iShares Global Inflation Linke,Funds,IE00B3B8PX14,USD
SGIL LN Equity,iShares Global Inflation Linke,Funds,IE00B3B8PX14,GBP
IUS5 GY Equity,iShares Global Inflation Linke,Funds,IE00B3B8PX14,EUR
IGIL SW Equity,iShares Global Inflation Linke,Funds,IE00B3B8PX14,USD
TIP US Equity,iShares TIPS Bond ETF,Funds,US4642871762,USD
INFU FP Equity,Amundi US Inflation Expectatio,Funds,LU1390062831,EUR
INFU IM Equity,Amundi US Inflation Expectatio,Funds,LU1390062831,EUR
INFU LN Equity,Amundi US Inflation Expectatio,Funds,LU1390062831,USD
INFU SW Equity,Amundi US Inflation Expectatio,Funds,LU1390062831,USD
UINF GY Equity,Amundi US Inflation Expectatio,Funds,LU1390062831,EUR
INFG LN Equity,Amundi US Inflation Expectatio,Funds,LU1390062831,GBp
ENCO LN Equity,L&G Multi-Strategy Enhanced Co,Funds,IE00BFXR6159,USD
AIGA LN Equity,WisdomTree Agriculture,Funds,GB00B15KYH63,USD
AIGI LN Equity,WisdomTree Industrial Metals,Funds,GB00B15KYG56,USD
PPLT US Equity,abrdn Physical Platinum Shares,Funds,US0032601066,USD
VZLD GR Equity,WisdomTree Physical Gold,Funds,JE00B1VS3770,EUR
PHAU LN Equity,WisdomTree Physical Gold,Funds,JE00B1VS3770,USD
1672 JP Equity,WisdomTree Physical Gold,Funds,JE00B1VS3770,JPY
PHAU IM Equity,WisdomTree Physical Gold,Funds,JE00B1VS3770,EUR
PHGP LN Equity,WisdomTree Physical Gold,Funds,JE00B1VS3770,GBp
JBGOUA SW Equity,Swisscanto ETF Precious Metal,Funds,CH0044781141,USD
GLD US Equity,SPDR Gold Shares,Funds,US78463V1070,USD
GLD SP Equity,SPDR Gold Shares,Funds,US78463V1070,USD
2840 HK Equity,SPDR Gold Shares,Funds,US78463V1070,HKD
1326 JP Equity,SPDR Gold Shares,Funds,US78463V1070,JPY
ZGLD SW Equity,ZKB Gold ETF,Funds,CH0139101593,CHF
SLV US Equity,iShares Silver Trust,Funds,US46428Q1094,USD
CRUD LN Equity,WisdomTree WTI Crude Oil,Funds,GB00B15KXV33,USD
1690 JP Equity,WisdomTree WTI Crude Oil,Funds,GB00B15KXV33,JPY
CRUD IM Equity,WisdomTree WTI Crude Oil,Funds,GB00B15KXV33,EUR
CRUDN MM Equity,WisdomTree WTI Crude Oil,Funds,GB00B15KXV33,MXN
CRUDP FP Equity,WisdomTree WTI Crude Oil,Funds,GB00B15KXV33,EUR
OD7F GR Equity,WisdomTree WTI Crude Oil,Funds,GB00B15KXV33,EUR
BRNT LN Equity,WisdomTree Brent Crude Oil,Funds,JE00B78CGV99,USD
BRNG LN Equity,WisdomTree Brent Crude Oil,Funds,JE00B78CGV99,GBp
BRNT FP Equity,WisdomTree Brent Crude Oil,Funds,JE00B78CGV99,EUR
BRNT IM Equity,WisdomTree Brent Crude Oil,Funds,JE00B78CGV99,EUR
OOEA GR Equity,WisdomTree Brent Crude Oil,Funds,JE00B78CGV99,EUR
SH US Equity,ProShares Short S&P500,Funds,US74347B4251,USD
SSO US Equity,ProShares Ultra S&P500,Funds,US74347R1077,USD
SDS US Equity,ProShares UltraShort S&P500,Funds,US74347G4165,USD
DOG US Equity,ProShares Short Dow30,Funds,US74347B2354,USD
PSQ US Equity,ProShares Short QQQ,Funds,US74349Y8378,USD
XSSX GR Equity,Xtrackers Euro Stoxx 50 Short,Funds,LU0292106753,EUR
XSSX GY Equity,Xtrackers Euro Stoxx 50 Short,Funds,LU0292106753,EUR
XSSX IM Equity,Xtrackers Euro Stoxx 50 Short,Funds,LU0292106753,EUR
XSSX LN Equity,Xtrackers Euro Stoxx 50 Short,Funds,LU0292106753,GBp
XSSX BW Equity,Xtrackers Euro Stoxx 50 Short,Funds,LU0292106753,CHF
TBT US Equity,ProShares UltraShort 20+ Year,Funds,US74347B2016,USD
1570 JP Equity,NEXT FUNDS Nikkei 225 Leverage,Funds,JP3047460005,JPY
LLC AU Equity,Lendlease Corp Ltd,Industrial,AU000000LLC3,AUD
FLT AU Equity,Flight Centre Travel Group Ltd,"Consumer, Cyclical",AU000000FLT9,AUD
CHC AU Equity,Charter Hall Group,Financial,AU000000CHC0,AUD
IPL AU Equity,Incitec Pivot Ltd,Industrial,AU000000IPL1,AUD
DXS AU Equity,Dexus,Financial,AU000000DXS1,AUD
EVN AU Equity,Evolution Mining Ltd,Basic Materials,AU000000EVN4,AUD
MGR AU Equity,Mirvac Group,Financial,AU000000MGR9,AUD
ALD AU Equity,Ampol Ltd,Energy,AU0000088338,AUD
PLS AU Equity,Pilbara Minerals Ltd,Basic Materials,AU000000PLS0,AUD
QAN AU Equity,Qantas Airways Ltd,"Consumer, Cyclical",AU000000QAN2,AUD
SGP AU Equity,Stockland,Financial,AU000000SGP0,AUD
SCG AU Equity,Scentre Group,Financial,AU000000SCG8,AUD
XRO AU Equity,Xero Ltd,Technology,NZXROE0001S2,AUD
QBE AU Equity,QBE Insurance Group Ltd,Financial,AU000000QBE9,AUD
STO AU Equity,Santos Ltd,Energy,AU000000STO6,AUD
TCL AU Equity,Transurban Group,"Consumer, Non-cyclical",AU000000TCL6,AUD
TLS AU Equity,Telstra Group Ltd,Communications,AU000000TLS2,AUD
WDS AU Equity,Woodside Energy Group Ltd,Energy,AU0000224040,AUD
GMG AU Equity,Goodman Group,Financial,AU000000GMG2,AUD
FMG AU Equity,Fortescue Ltd,Basic Materials,AU000000FMG4,AUD
ANZ AU Equity,ANZ Group Holdings Ltd,Financial,AU000000ANZ3,AUD
NAB AU Equity,National Australia Bank Ltd,Financial,AU000000NAB4,AUD
RIO AU Equity,Rio Tinto Ltd,Basic Materials,AU000000RIO1,AUD
CBA AU Equity,Commonwealth Bank of Australia,Financial,AU000000CBA7,AUD
BHP AU Equity,BHP Group Ltd,Basic Materials,AU000000BHP4,AUD
000333 CH Equity,Midea Group Co Ltd,"Consumer, Cyclical",CNE100001QQ5,CNY
600519 CH Equity,Kweichow Moutai Co Ltd,"Consumer, Non-cyclical",CNE0000018R8,CNY
1310 HK Equity,HKBN Ltd,Communications,KYG451581055,HKD
87001 HK Equity,Hui Xian Real Estate Investmen,Financial,HK0000078516,CNY
2013 HK Equity,Weimob Inc,Communications,KYG9T20A1060,HKD
9922 HK Equity,Jiumaojiu International Holdin,"Consumer, Cyclical",KYG5141L1059,HKD
1686 HK Equity,SUNeVision Holdings Ltd,Communications,KYG857001054,HKD
308 HK Equity,China Travel International Inv,"Consumer, Cyclical",HK0308001558,HKD
778 HK Equity,Fortune Real Estate Investment,Financial,SG1O33912138,HKD
200 HK Equity,Melco International Developmen,"Consumer, Cyclical",HK0200030994,HKD
2778 HK Equity,Champion REIT,Financial,HK2778034606,HKD
2314 HK Equity,Lee & Man Paper Manufacturing,Industrial,KYG5427W1309,HKD
2186 HK Equity,Luye Pharma Group Ltd,"Consumer, Non-cyclical",BMG570071099,HKD
2343 HK Equity,Pacific Basin Shipping Ltd,Industrial,BMG684371393,HKD
636 HK Equity,Kerry Logistics Network Ltd,Industrial,BMG524181036,HKD
425 HK Equity,Minth Group Ltd,"Consumer, Cyclical",KYG6145U1094,HKD
548 HK Equity,Shenzhen Expressway Corp Ltd,"Consumer, Non-cyclical",CNE100000478,HKD
6110 HK Equity,Topsports International Holdin,"Consumer, Cyclical",KYG8924B1041,HKD
82333 HK Equity,Great Wall Motor Co Ltd,"Consumer, Cyclical",CNE1000062M5,CNY
696 HK Equity,TravelSky Technology Ltd,"Consumer, Cyclical",CNE1000004J3,HKD
1044 HK Equity,Hengan International Group Co,"Consumer, Non-cyclical",KYG4402L1510,HKD
3888 HK Equity,Kingsoft Corp Ltd,Technology,KYG5264Y1089,HKD
966 HK Equity,China Taiping Insurance Holdin,Financial,HK0000055878,HKD
8 HK Equity,PCCW Ltd,Communications,HK0008011667,HKD
968 HK Equity,Xinyi Solar Holdings Ltd,Energy,KYG9829N1025,HKD
1910 HK Equity,Samsonite International SA,"Consumer, Cyclical",LU0633102719,HKD
1128 HK Equity,Wynn Macau Ltd,"Consumer, Cyclical",KYG981491007,HKD
780 HK Equity,Tongcheng Travel Holdings Ltd,Communications,KYG8918W1069,HKD
656 HK Equity,Fosun International Ltd,"Consumer, Non-cyclical",HK0656038673,HKD
82331 HK Equity,Li Ning Co Ltd,"Consumer, Cyclical",KYG5496K1325,CNY
2018 HK Equity,AAC Technologies Holdings Inc,Industrial,KYG2953R1149,HKD
598 HK Equity,Sinotrans Ltd,Industrial,CNE1000004F1,HKD
2331 HK Equity,Li Ning Co Ltd,"Consumer, Cyclical",KYG5496K1242,HKD
2588 HK Equity,BOC Aviation Ltd,Financial,SG9999015267,HKD
522 HK Equity,ASMPT Ltd,Technology,KYG0535Q1331,HKD
2269 HK Equity,Wuxi Biologics Cayman Inc,"Consumer, Non-cyclical",KYG970081173,HKD
1347 HK Equity,Hua Hong Semiconductor Ltd,Technology,HK0000218211,HKD
2382 HK Equity,Sunny Optical Technology Group,Industrial,KYG8586D1097,HKD
241 HK Equity,Alibaba Health Information Tec,"Consumer, Cyclical",BMG0171K1018,HKD
293 HK Equity,Cathay Pacific Airways Ltd,"Consumer, Cyclical",HK0293001514,HKD
2319 HK Equity,China Mengniu Dairy Co Ltd,"Consumer, Non-cyclical",KYG210961051,HKD
1177 HK Equity,Sino Biopharmaceutical Ltd,"Consumer, Non-cyclical",KYG8167W1380,HKD
1772 HK Equity,Ganfeng Lithium Group Co Ltd,Basic Materials,CNE1000031W9,HKD
9626 HK Equity,Bilibili Inc,Communications,KYG1098A1013,HKD
2196 HK Equity,Shanghai Fosun Pharmaceutical,"Consumer, Non-cyclical",CNE100001M79,HKD
1997 HK Equity,Wharf Real Estate Investment C,Financial,KYG9593A1040,HKD
1099 HK Equity,Sinopharm Group Co Ltd,"Consumer, Non-cyclical",CNE100000FN7,HKD
2238 HK Equity,Guangzhou Automobile Group Co,"Consumer, Cyclical",CNE100000Q35,HKD
6823 HK Equity,HKT Trust & HKT Ltd,Communications,HK0000093390,HKD
4 HK Equity,Wharf Holdings Ltd/The,Financial,HK0004000045,HKD
1093 HK Equity,CSPC Pharmaceutical Group Ltd,"Consumer, Non-cyclical",HK1093012172,HKD
6862 HK Equity,Haidilao International Holding,"Consumer, Cyclical",KYG4290A1013,HKD
1972 HK Equity,Swire Properties Ltd,Financial,HK0000063609,HKD
80175 HK Equity,Geely Automobile Holdings Ltd,"Consumer, Cyclical",KYG3777B1370,CNY
823 HK Equity,Link REIT,Financial,HK0823032773,HKD
2202 HK Equity,China Vanke Co Ltd,Financial,CNE100001SR9,HKD
670 HK Equity,China Eastern Airlines Corp Lt,"Consumer, Cyclical",CNE1000002K5,HKD
175 HK Equity,Geely Automobile Holdings Ltd,"Consumer, Cyclical",KYG3777B1032,HKD
1055 HK Equity,China Southern Airlines Co Ltd,"Consumer, Cyclical",CNE1000002T6,HKD
12 HK Equity,Henderson Land Development Co,Financial,HK0012000102,HKD
1113 HK Equity,CK Asset Holdings Ltd,Financial,KYG2177B1014,HKD
9901 HK Equity,New Oriental Education & Techn,"Consumer, Non-cyclical",KYG6470A1168,HKD
2313 HK Equity,Shenzhou International Group H,"Consumer, Cyclical",KYG8087W1015,HKD
3 HK Equity,Hong Kong & China Gas Co Ltd,Utilities,HK0003000038,HKD
916 HK Equity,China Longyuan Power Group Cor,Utilities,CNE100000HD4,HKD
2338 HK Equity,Weichai Power Co Ltd,"Consumer, Cyclical",CNE1000004L9,HKD
1800 HK Equity,China Communications Construct,Industrial,CNE1000002F5,HKD
1928 HK Equity,Sands China Ltd,"Consumer, Cyclical",KYG7800X1079,HKD
80992 HK Equity,Lenovo Group Ltd,Technology,HK0000928959,CNY
914 HK Equity,Anhui Conch Cement Co Ltd,Industrial,CNE1000001W2,HKD
1880 HK Equity,China Tourism Group Duty Free,"Consumer, Cyclical",CNE100004YZ4,HKD
992 HK Equity,Lenovo Group Ltd,Technology,HK0992009065,HKD
1 HK Equity,CK Hutchison Holdings Ltd,"Consumer, Non-cyclical",KYG217651051,HKD
688 HK Equity,China Overseas Land & Investme,Financial,HK0688002218,HKD
27 HK Equity,Galaxy Entertainment Group Ltd,"Consumer, Cyclical",HK0027032686,HKD
66 HK Equity,MTR Corp Ltd,Industrial,HK0066009694,HKD
390 HK Equity,China Railway Group Ltd,Industrial,CNE1000007Z2,HKD
80011 HK Equity,Hang Seng Bank Ltd,Financial,HK0000933603,CNY
80016 HK Equity,Sun Hung Kai Properties Ltd,Financial,HK0000931466,CNY
788 HK Equity,China Tower Corp Ltd,Industrial,CNE100003688,HKD
82020 HK Equity,ANTA Sports Products Ltd,"Consumer, Cyclical",KYG040111216,CNY
2333 HK Equity,Great Wall Motor Co Ltd,"Consumer, Cyclical",CNE100000338,HKD
1109 HK Equity,China Resources Land Ltd,Financial,KYG2108Y1052,HKD
11 HK Equity,Hang Seng Bank Ltd,Financial,HK0011000095,HKD
81024 HK Equity,Kuaishou Technology,Communications,KYG532631101,CNY
16 HK Equity,Sun Hung Kai Properties Ltd,Financial,HK0016000132,HKD
2020 HK Equity,ANTA Sports Products Ltd,"Consumer, Cyclical",KYG040111059,HKD
1024 HK Equity,Kuaishou Technology,Communications,KYG532631028,HKD
89888 HK Equity,Baidu Inc,Communications,KYG070341204,CNY
82388 HK Equity,BOC Hong Kong Holdings Ltd,Financial,HK0000934304,CNY
762 HK Equity,China Unicom Hong Kong Ltd,Communications,HK0000049939,HKD
2388 HK Equity,BOC Hong Kong Holdings Ltd,Financial,HK2388011192,HKD
9888 HK Equity,Baidu Inc,Communications,KYG070341048,HKD
82318 HK Equity,Ping An Insurance Group Co of,Financial,CNE1000062N3,CNY
9961 HK Equity,Trip.com Group Ltd,Communications,KYG9066F1019,HKD
6030 HK Equity,CITIC Securities Co Ltd,Financial,CNE1000016V2,HKD
2601 HK Equity,China Pacific Insurance Group,Financial,CNE1000009Q7,HKD
80388 HK Equity,Hong Kong Exchanges & Clearing,Financial,HK0000931664,CNY
89618 HK Equity,JD.com Inc,Communications,KYG8208B1196,CNY
388 HK Equity,Hong Kong Exchanges & Clearing,Financial,HK0388045442,HKD
9618 HK Equity,JD.com Inc,Communications,KYG8208B1014,HKD
1810 HK Equity,Xiaomi Corp,Communications,KYG9830T1067,HKD
9999 HK Equity,NetEase Inc,Technology,KYG6427A1022,HKD
2899 HK Equity,Zijin Mining Group Co Ltd,Basic Materials,CNE100000502,HKD
81299 HK Equity,AIA Group Ltd,Financial,HK0000929080,CNY
1299 HK Equity,AIA Group Ltd,Financial,HK0000069689,HKD
728 HK Equity,China Telecom Corp Ltd,Communications,CNE1000002V2,HKD
83690 HK Equity,Meituan,Communications,KYG596691124,CNY
81211 HK Equity,BYD Co Ltd,"Consumer, Cyclical",CNE1000062P8,CNY
3690 HK Equity,Meituan,Communications,KYG596691041,HKD
2318 HK Equity,Ping An Insurance Group Co of,Financial,CNE1000003X6,HKD
1211 HK Equity,BYD Co Ltd,"Consumer, Cyclical",CNE100000296,HKD
2628 HK Equity,China Life Insurance Co Ltd,Financial,CNE1000002L3,HKD
386 HK Equity,China Petroleum & Chemical Cor,Energy,CNE1000002Q2,HKD
3968 HK Equity,China Merchants Bank Co Ltd,Financial,CNE1000002M1,HKD
80883 HK Equity,CNOOC Ltd,Energy,HK0000934312,CNY
883 HK Equity,CNOOC Ltd,Energy,HK0883013259,HKD
5 HK Equity,HSBC Holdings PLC,Financial,GB0005405286,HKD
89988 HK Equity,Alibaba Group Holding Ltd,Communications,KYG017191225,CNY
3988 HK Equity,Bank of China Ltd,Financial,CNE1000001Z5,HKD
939 HK Equity,China Construction Bank Corp,Financial,CNE1000002H1,HKD
9988 HK Equity,Alibaba Group Holding Ltd,Communications,KYG017191142,HKD
80941 HK Equity,China Mobile Ltd,Communications,HK0000930898,CNY
941 HK Equity,China Mobile Ltd,Communications,HK0941009539,HKD
1398 HK Equity,Industrial & Commercial Bank o,Financial,CNE1000003G1,HKD
80700 HK Equity,Tencent Holdings Ltd,Communications,KYG875721899,CNY
700 HK Equity,Tencent Holdings Ltd,Communications,KYG875721634,HKD
SMSN LI Equity,Samsung Electronics Co Ltd,Technology,US7960508882,USD
SPOST SP Equity,Singapore Post Ltd,Industrial,SG1N89910219,SGD
CD SP Equity,ComfortDelGro Corp Ltd,Industrial,SG1N31909426,SGD
SUN SP Equity,Suntec Real Estate Investment,Financial,SG1Q52922370,SGD
KDCREIT SP Equity,Keppel DC REIT,Financial,SG1AF6000009,SGD
NETLINK SP Equity,NETLINK NBN TRUST,Communications,SG1DH9000006,SGD
CLAS SP Equity,CapitaLand Ascott Trust,Financial,SGXC16332337,SGD
FCT SP Equity,Frasers Centrepoint Trust,Financial,SG1T60930966,SGD
VMS SP Equity,Venture Corp Ltd,Industrial,SG0531000230,SGD
UOL SP Equity,UOL Group Ltd,Financial,SG1S83002349,SGD
SATS SP Equity,SATS Ltd,Industrial,SG1I52882764,SGD
CIT SP Equity,City Developments Ltd,"Consumer, Cyclical",SG1R89002252,SGD
MLT SP Equity,Mapletree Logistics Trust,Financial,SG1S03926213,SGD
MPACT SP Equity,Mapletree Pan Asia Commercial,Financial,SG2D18969584,SGD
HKL SP Equity,Hongkong Land Holdings Ltd,Financial,BMG4587L1090,USD
GENS SP Equity,Genting Singapore Ltd,"Consumer, Cyclical",SGXE21576413,SGD
SGX SP Equity,Singapore Exchange Ltd,Financial,SG1J26887955,SGD
THBEV SP Equity,Thai Beverage PCL,"Consumer, Non-cyclical",TH0902010014,SGD
CLAR SP Equity,CapitaLand Ascendas REIT,Financial,SG1M77906915,SGD
KEP SP Equity,Keppel Ltd,Industrial,SG1U68934629,SGD
CLI SP Equity,CapitaLand Investment Ltd/Sing,Financial,SGXE62145532,SGD
CICT SP Equity,CapitaLand Integrated Commerci,Financial,SG1M51904654,SGD
IHH SP Equity,IHH Healthcare Bhd,"Consumer, Non-cyclical",MYL5225OO007,SGD
WIL SP Equity,Wilmar International Ltd,"Consumer, Non-cyclical",SG1T56930848,SGD
ST SP Equity,Singapore Telecommunications L,Communications,SG1T75931496,SGD
UOB SP Equity,United Overseas Bank Ltd,Financial,SG1M31001969,SGD
OCBC SP Equity,Oversea-Chinese Banking Corp L,Financial,SG1S04926220,SGD
DBS SP Equity,DBS Group Holdings Ltd,Financial,SG1L01001701,SGD
TAL US Equity,TAL Education Group,"Consumer, Non-cyclical",US8740801043,USD
BILI US Equity,Bilibili Inc,Communications,US0900401060,USD
SKM US Equity,SK Telecom Co Ltd,Communications,US78440P3064,USD
YUMC US Equity,Yum China Holdings Inc,"Consumer, Cyclical",US98850P1093,USD
EDU US Equity,New Oriental Education & Techn,"Consumer, Non-cyclical",US6475812060,USD
BIDU US Equity,Baidu Inc,Communications,US0567521085,USD
TCOM US Equity,Trip.com Group Ltd,Communications,US89677Q1076,USD
JD US Equity,JD.com Inc,Communications,US47215P1066,USD
SE US Equity,Sea Ltd,Communications,US81141R1005,USD
NTES US Equity,NetEase Inc,Technology,US64110W1027,USD
HSBC US Equity,HSBC Holdings PLC,Financial,US4042804066,USD
BABA US Equity,Alibaba Group Holding Ltd,Communications,US01609W1027,USD
PDD US Equity,PDD Holdings Inc,Communications,US7223041028,USD
TSM US Equity,Taiwan Semiconductor Manufactu,Technology,US8740391003,USD
2413 JP Equity,M3 Inc,Communications,JP3435750009,JPY
6963 JP Equity,Rohm Co Ltd,Technology,JP3982800009,JPY
2267 JP Equity,Yakult Honsha Co Ltd,"Consumer, Non-cyclical",JP3931600005,JPY
9843 JP Equity,Nitori Holdings Co Ltd,"Consumer, Cyclical",JP3756100008,JPY
4062 JP Equity,Ibiden Co Ltd,Industrial,JP3148800000,JPY
6752 JP Equity,Panasonic Holdings Corp,"Consumer, Cyclical",JP3866800000,JPY
7747 JP Equity,Asahi Intecc Co Ltd,"Consumer, Non-cyclical",JP3110650003,JPY
7201 JP Equity,Nissan Motor Co Ltd,"Consumer, Cyclical",JP3672400003,JPY
6920 JP Equity,Lasertec Corp,Technology,JP3979200007,JPY
4507 JP Equity,Shionogi & Co Ltd,"Consumer, Non-cyclical",JP3347200002,JPY
4689 JP Equity,LY Corp,Communications,JP3933800009,JPY
4661 JP Equity,Oriental Land Co Ltd/Japan,"Consumer, Cyclical",JP3198900007,JPY
9432 JP Equity,Nippon Telegraph & Telephone C,Communications,JP3735400008,JPY
TM US Equity,Toyota Motor Corp,"Consumer, Cyclical",US8923313071,USD
9201 JP Equity,Japan Airlines Co Ltd,"Consumer, Cyclical",JP3705200008,JPY
8802 JP Equity,Mitsubishi Estate Co Ltd,Financial,JP3899600005,JPY
3287 JP Equity,Hoshino Resorts REIT Inc,Financial,JP3047610005,JPY
6383 JP Equity,Daifuku Co Ltd,Industrial,JP3497400006,JPY
2875 JP Equity,Toyo Suisan Kaisha Ltd,"Consumer, Non-cyclical",JP3613000003,JPY
3249 JP Equity,Industrial & Infrastructure Fu,Financial,JP3046500009,JPY
3563 JP Equity,Food & Life Cos Ltd,"Consumer, Cyclical",JP3397150008,JPY
8976 JP Equity,Daiwa Office Investment Corp,Financial,JP3046310003,JPY
6273 JP Equity,SMC Corp,Industrial,JP3162600005,JPY
3462 JP Equity,Nomura Real Estate Master Fund,Financial,JP3048110005,JPY
8058 JP Equity,Mitsubishi Corp,"Consumer, Cyclical",JP3898400001,JPY
SONY US Equity,Sony Group Corp,"Consumer, Cyclical",US8356993076,USD
8952 JP Equity,Japan Real Estate Investment C,Financial,JP3027680002,JPY
9433 JP Equity,KDDI Corp,Communications,JP3496400007,JPY
6902 JP Equity,Denso Corp,"Consumer, Cyclical",JP3551500006,JPY
6954 JP Equity,FANUC Corp,Industrial,JP3802400006,JPY
6857 JP Equity,Advantest Corp,Technology,JP3122400009,JPY
7203 JP Equity,Toyota Motor Corp,"Consumer, Cyclical",JP3633400001,JPY
6594 JP Equity,NIDEC CORP,Industrial,JP3734800000,JPY
9983 JP Equity,Fast Retailing Co Ltd,"Consumer, Cyclical",JP3802300008,JPY
6506 JP Equity,Yaskawa Electric Corp,Industrial,JP3932000007,JPY
9020 JP Equity,East Japan Railway Co,Industrial,JP3783600004,JPY
8801 JP Equity,Mitsui Fudosan Co Ltd,Financial,JP3893200000,JPY
8697 JP Equity,Japan Exchange Group Inc,Financial,JP3183200009,JPY
8035 JP Equity,Tokyo Electron Ltd,Technology,JP3571400005,JPY
8954 JP Equity,Orix JREIT Inc,Financial,JP3040880001,JPY
6503 JP Equity,Mitsubishi Electric Corp,Industrial,JP3902400005,JPY
4519 JP Equity,Chugai Pharmaceutical Co Ltd,"Consumer, Non-cyclical",JP3519400000,JPY
6326 JP Equity,Kubota Corp,Industrial,JP3266400005,JPY
6305 JP Equity,Hitachi Construction Machinery,Industrial,JP3787000003,JPY
8113 JP Equity,Unicharm Corp,"Consumer, Non-cyclical",JP3951600000,JPY
3382 JP Equity,Seven & i Holdings Co Ltd,"Consumer, Non-cyclical",JP3422950000,JPY
5444 JP Equity,Yamato Kogyo Co Ltd,Basic Materials,JP3940400009,JPY
4543 JP Equity,Terumo Corp,"Consumer, Non-cyclical",JP3546800008,JPY
7267 JP Equity,Honda Motor Co Ltd,"Consumer, Cyclical",JP3854600008,JPY
8972 JP Equity,KDX Realty Investment Corp,Financial,JP3046270009,JPY
3234 JP Equity,Mori Hills REIT Investment Cor,Financial,JP3046470005,JPY
9101 JP Equity,Nippon Yusen KK,Industrial,JP3753000003,JPY
8953 JP Equity,Japan Metropolitan Fund Invest,Financial,JP3039710003,JPY
3099 JP Equity,Isetan Mitsukoshi Holdings Ltd,"Consumer, Cyclical",JP3894900004,JPY
5401 JP Equity,Nippon Steel Corp,Basic Materials,JP3381000003,JPY
3269 JP Equity,Advance Residence Investment C,Financial,JP3047160001,JPY
8963 JP Equity,Invincible Investment Corp,Financial,JP3046190009,JPY
8966 JP Equity,Heiwa Real Estate REIT Inc,Financial,JP3046220004,JPY
7832 JP Equity,Bandai Namco Holdings Inc,"Consumer, Cyclical",JP3778630008,JPY
8951 JP Equity,Nippon Building Fund Inc,Financial,JP3027670003,JPY
4063 JP Equity,Shin-Etsu Chemical Co Ltd,Basic Materials,JP3371200001,JPY
8985 JP Equity,Japan Hotel REIT Investment Co,Financial,JP3046400002,JPY
3402 JP Equity,Toray Industries Inc,Basic Materials,JP3621000003,JPY
6758 JP Equity,Sony Group Corp,"Consumer, Cyclical",JP3435000009,JPY
2269 JP Equity,MEIJI Holdings Co Ltd,"Consumer, Non-cyclical",JP3918000005,JPY
3309 JP Equity,Sekisui House Reit Inc,Financial,JP3047820000,JPY
3281 JP Equity,GLP J-Reit,Financial,JP3047510007,JPY
7518 JP Equity,NET One Systems Co Ltd,Technology,JP3758200004,JPY
3226 JP Equity,Nippon Accommodations Fund Inc,Financial,JP3046440008,JPY
6146 JP Equity,Disco Corp,Technology,JP3548600000,JPY
4755 JP Equity,Rakuten Group Inc,Communications,JP3967200001,JPY
7741 JP Equity,Hoya Corp,Industrial,JP3837800006,JPY
6723 JP Equity,Renesas Electronics Corp,Technology,JP3164720009,JPY
6861 JP Equity,Keyence Corp,Industrial,JP3236200006,JPY
9142 JP Equity,Kyushu Railway Co,Industrial,JP3247010006,JPY
4568 JP Equity,Daiichi Sankyo Co Ltd,"Consumer, Non-cyclical",JP3475350009,JPY
6770 JP Equity,Alps Alpine Co Ltd,Industrial,JP3126400005,JPY
9434 JP Equity,SoftBank Corp,Communications,JP3732000009,JPY
1928 JP Equity,Sekisui House Ltd,"Consumer, Cyclical",JP3420600003,JPY
2914 JP Equity,Japan Tobacco Inc,"Consumer, Non-cyclical",JP3726800000,JPY
SFTBY US Equity,SoftBank Group Corp,Communications,US83404D1090,USD
4452 JP Equity,Kao Corp,"Consumer, Non-cyclical",JP3205800000,JPY
7974 JP Equity,Nintendo Co Ltd,"Consumer, Cyclical",JP3756600007,JPY
3405 JP Equity,Kuraray Co Ltd,Basic Materials,JP3269600007,JPY
2502 JP Equity,Asahi Group Holdings Ltd,"Consumer, Non-cyclical",JP3116000005,JPY
7733 JP Equity,Olympus Corp,"Consumer, Non-cyclical",JP3201200007,JPY
6301 JP Equity,Komatsu Ltd,Industrial,JP3304200003,JPY
8473 JP Equity,SBI Holdings Inc,Financial,JP3436120004,JPY
6702 JP Equity,Fujitsu Ltd,Technology,JP3818000006,JPY
9984 JP Equity,SoftBank Group Corp,Communications,JP3436100006,JPY
8306 JP Equity,Mitsubishi UFJ Financial Group,Financial,JP3902900004,JPY
6981 JP Equity,Murata Manufacturing Co Ltd,Industrial,JP3914400001,JPY
5929 JP Equity,Sanwa Holdings Corp,Industrial,JP3344400001,JPY
4921 JP Equity,Fancl Corp,"Consumer, Non-cyclical",JP3802670004,JPY
8750 JP Equity,Dai-ichi Life Holdings Inc,Financial,JP3476480003,JPY
8001 JP Equity,ITOCHU Corp,"Consumer, Cyclical",JP3143600009,JPY
8316 JP Equity,Sumitomo Mitsui Financial Grou,Financial,JP3890350006,JPY
8591 JP Equity,ORIX Corp,Financial,JP3200450009,JPY
7164 JP Equity,Zenkoku Hosho Co Ltd,Financial,JP3429250008,JPY
4307 JP Equity,Nomura Research Institute Ltd,Technology,JP3762800005,JPY
6501 JP Equity,Hitachi Ltd,Industrial,JP3788600009,JPY
8411 JP Equity,Mizuho Financial Group Inc,Financial,JP3885780001,JPY
6762 JP Equity,TDK Corp,Industrial,JP3538800008,JPY
6098 JP Equity,Recruit Holdings Co Ltd,"Consumer, Non-cyclical",JP3970300004,JPY
LISP SW Equity,Chocoladefabriken Lindt & Spru,"Consumer, Non-cyclical",CH0010570767,CHF
GIVN SW Equity,Givaudan SA,Basic Materials,CH0010645932,CHF
LIN GY Equity,Linde PLC,Basic Materials,IE000S9YS762,EUR
MAERSKB DC Equity,AP Moller - Maersk A/S,Industrial,DK0010244508,DKK
PGHN SW Equity,Partners Group Holding AG,Financial,CH0024608827,CHF
VACN SW Equity,VAT Group AG,Industrial,CH0311864901,CHF
SLHN SW Equity,Swiss Life Holding AG,Financial,CH0014852781,CHF
VOW GY Equity,Volkswagen AG,"Consumer, Cyclical",DE0007664005,EUR
ADYEN NA Equity,Adyen NV,"Consumer, Non-cyclical",NL0012969182,EUR
ZURVY US Equity,Zurich Insurance Group AG,Financial,US9898251049,USD
SCMN SW Equity,Swisscom AG,Communications,CH0008742519,CHF
SHG US Equity,Shinhan Financial Group Co Ltd,Financial,US8245961003,USD
ASM NA Equity,ASM International NV,Technology,NL0000334118,EUR
LONN SW Equity,Lonza Group AG,"Consumer, Non-cyclical",CH0013841017,CHF
AENA SM Equity,Aena SME SA,Industrial,ES0105046009,EUR
ZURN SW Equity,Zurich Insurance Group AG,Financial,CH0011075394,CHF
BOSS GY Equity,HUGO BOSS AG,"Consumer, Cyclical",DE000A1PHFF7,EUR
SIKA SW Equity,Sika AG,Industrial,CH0418792922,CHF
CON GY Equity,Continental AG,"Consumer, Cyclical",DE0005439004,EUR
MUV2 GY Equity,Muenchener Rueckversicherungs-,Financial,DE0008430026,EUR
AVOL SW Equity,Avolta AG,"Consumer, Cyclical",CH0023405456,CHF
RACE IM Equity,Ferrari NV,"Consumer, Cyclical",NL0011585146,EUR
KGX GY Equity,KION Group AG,Industrial,DE000KGX8881,EUR
AFX GY Equity,Carl Zeiss Meditec AG,"Consumer, Non-cyclical",DE0005313704,EUR
TEMN SW Equity,Temenos AG,Technology,CH0012453913,CHF
ELISA FH Equity,Elisa Oyj,Communications,FI0009007884,EUR
DSV DC Equity,DSV A/S,Industrial,DK0060079531,DKK
LPL US Equity,LG Display Co Ltd,Industrial,US50186V1026,USD
BESI NA Equity,BE Semiconductor Industries NV,Technology,NL0012866412,EUR
ORA FP Equity,Orange SA,Communications,FR0000133308,EUR
DB1 GY Equity,Deutsche Boerse AG,Financial,DE0005810055,EUR
BEI GY Equity,Beiersdorf AG,"Consumer, Non-cyclical",DE0005200000,EUR
PPRUY US Equity,Kering SA,"Consumer, Cyclical",US4920891078,USD
VIV FP Equity,Vivendi SE,Communications,FR0000127771,EUR
PUM GY Equity,Puma SE,"Consumer, Cyclical",DE0006969603,EUR
DSFIR NA Equity,DSM-Firmenich AG,Basic Materials,CH1216478797,EUR
WKL NA Equity,Wolters Kluwer NV,"Consumer, Non-cyclical",NL0000395903,EUR
ADS GY Equity,adidas AG,"Consumer, Cyclical",DE000A1EWWW0,EUR
ORSTED DC Equity,Orsted AS,Utilities,DK0060094928,DKK
ASML NA Equity,ASML Holding NV,Technology,NL0010273215,EUR
NSRGY US Equity,Nestle SA,"Consumer, Non-cyclical",US6410694060,USD
FR FP Equity,Valeo SE,"Consumer, Cyclical",FR0013176526,EUR
EQT SS Equity,EQT AB,Financial,SE0012853455,SEK
KER FP Equity,Kering SA,"Consumer, Cyclical",FR0000121485,EUR
DTEGY US Equity,Deutsche Telekom AG,Communications,US2515661054,USD
MC FP Equity,LVMH Moet Hennessy Louis Vuitt,"Consumer, Cyclical",FR0000121014,EUR
HEIA NA Equity,Heineken NV,"Consumer, Non-cyclical",NL0000009165,EUR
RMS FP Equity,Hermes International SCA,"Consumer, Cyclical",FR0000052292,EUR
ADEN SW Equity,Adecco Group AG,"Consumer, Non-cyclical",CH0012138605,CHF
NSISB DC Equity,Novonesis (Novozymes) B,Basic Materials,DK0060336014,DKK
SHL GY Equity,Siemens Healthineers AG,"Consumer, Non-cyclical",DE000SHL1006,EUR
BN FP Equity,Danone SA,"Consumer, Non-cyclical",FR0000120644,EUR
ALV GY Equity,Allianz SE,Financial,DE0008404005,EUR
EPIA SS Equity,Epiroc AB,Industrial,SE0015658109,SEK
OR FP Equity,L'Oreal SA,"Consumer, Non-cyclical",FR0000120321,EUR
SREN SW Equity,Swiss Re AG,Financial,CH0126881561,CHF
MRL SM Equity,Merlin Properties Socimi SA,Financial,ES0105025003,EUR
TTE FP Equity,TotalEnergies SE,Energy,FR0000120271,EUR
LSEG LN Equity,London Stock Exchange Group PL,Financial,GB00B0SWJX34,GBp
UMI BB Equity,Umicore SA,Basic Materials,BE0974320526,EUR
CFR SW Equity,Cie Financiere Richemont SA,"Consumer, Cyclical",CH0210483332,CHF
ACA FP Equity,Credit Agricole SA,Financial,FR0000045072,EUR
BNP FP Equity,BNP Paribas SA,Financial,FR0000131104,EUR
CS FP Equity,AXA SA,Financial,FR0000120628,EUR
AMS SM Equity,Amadeus IT Group SA,"Consumer, Cyclical",ES0109067019,EUR
FRE GY Equity,Fresenius SE & Co KGaA,"Consumer, Non-cyclical",DE0005785604,EUR
UMG NA Equity,Universal Music Group NV,"Consumer, Cyclical",NL0015000IY2,EUR
CRH LN Equity,CRH PLC,Industrial,IE0001827041,GBp
VOW3 GY Equity,Volkswagen AG,"Consumer, Cyclical",DE0007664039,EUR
1COV GY Equity,Covestro AG,Basic Materials,DE0006062144,EUR
ROG SW Equity,Roche Holding AG,"Consumer, Non-cyclical",CH0012032048,CHF
SAN FP Equity,Sanofi SA,"Consumer, Non-cyclical",FR0000120578,EUR
BMW GY Equity,Bayerische Motoren Werke AG,"Consumer, Cyclical",DE0005190003,EUR
SIE GY Equity,Siemens AG,Industrial,DE0007236101,EUR
RKT LN Equity,Reckitt Benckiser Group PLC,"Consumer, Non-cyclical",GB00B24CGK77,GBp
EL FP Equity,EssilorLuxottica SA,"Consumer, Non-cyclical",FR0000121667,EUR
SIGN SW Equity,SIG Group AG,Industrial,CH0435377954,CHF
IMB LN Equity,Imperial Brands PLC,"Consumer, Non-cyclical",GB0004544929,GBp
DTG GY Equity,Daimler Truck Holding AG,"Consumer, Cyclical",DE000DTR0CK8,EUR
NVS US Equity,Novartis AG,"Consumer, Non-cyclical",US66987V1098,USD
HOLN SW Equity,Holcim AG,Industrial,CH0012214059,CHF
AZN LN Equity,AstraZeneca PLC,"Consumer, Non-cyclical",GB0009895292,GBp
DG FP Equity,Vinci SA,Industrial,FR0000125486,EUR
PHIA NA Equity,Koninklijke Philips NV,"Consumer, Non-cyclical",NL0000009538,EUR
SU FP Equity,Schneider Electric SE,Industrial,FR0000121972,EUR
TTE US Equity,TotalEnergies SE,Energy,US89151E1091,USD
SAP GY Equity,SAP SE,Technology,DE0007164600,EUR
CAP FP Equity,Capgemini SE,Technology,FR0000125338,EUR
ABI BB Equity,Anheuser-Busch InBev SA/NV,"Consumer, Non-cyclical",BE0974293251,EUR
AD NA Equity,Koninklijke Ahold Delhaize NV,"Consumer, Non-cyclical",NL0011794037,EUR
UU/ LN Equity,United Utilities Group PLC,Utilities,GB00B39J2M42,GBp
DSY FP Equity,Dassault Systemes SE,Technology,FR0014003TT8,EUR
ASSAB SS Equity,Assa Abloy AB,Industrial,SE0007100581,SEK
CLNX SM Equity,Cellnex Telecom SA,Industrial,ES0105066007,EUR
SN/ LN Equity,Smith & Nephew PLC,"Consumer, Non-cyclical",GB0009223206,GBp
SGRO LN Equity,Segro PLC,Financial,GB00B5ZN1N88,GBp
RIO LN Equity,Rio Tinto PLC,Basic Materials,GB0007188757,GBp
VNA GY Equity,Vonovia SE,Financial,DE000A1ML7J1,EUR
LAND LN Equity,Land Securities Group PLC,Financial,GB00BYW0PQ60,GBp
BAS GY Equity,BASF SE,Basic Materials,DE000BASF111,EUR
BLND LN Equity,British Land Co PLC/The,Financial,GB0001367019,GBp
GFC FP Equity,Gecina SA,Financial,FR0010040865,EUR
NOVOB DC Equity,Novo Nordisk A/S,"Consumer, Non-cyclical",DK0062498333,DKK
ITX SM Equity,Industria de Diseno Textil SA,"Consumer, Cyclical",ES0148396007,EUR
ENGI FP Equity,Engie SA,Utilities,FR0010208488,EUR
DHL GY Equity,Deutsche Post AG,Industrial,DE0005552004,EUR
VWS DC Equity,Vestas Wind Systems A/S,Energy,DK0061539921,DKK
VIE FP Equity,Veolia Environnement SA,Utilities,FR0000124141,EUR
CPG LN Equity,Compass Group PLC,"Consumer, Cyclical",GB00BD6K4575,GBp
RHHBY US Equity,Roche Holding AG,"Consumer, Non-cyclical",US7711951043,USD
STMMI IM Equity,STMicroelectronics NV,Technology,NL0000226223,EUR
ABBN SW Equity,ABB Ltd,Industrial,CH0012221716,CHF
VOLVB SS Equity,Volvo AB,"Consumer, Cyclical",SE0000115446,SEK
MT NA Equity,ArcelorMittal SA,Basic Materials,LU1598757687,EUR
BAYN GY Equity,Bayer AG,"Consumer, Non-cyclical",DE000BAY0017,EUR
NOVN SW Equity,Novartis AG,"Consumer, Non-cyclical",CH0012005267,CHF
SNY US Equity,Sanofi SA,"Consumer, Non-cyclical",US80105N1054,USD
BATS LN Equity,British American Tobacco PLC,"Consumer, Non-cyclical",GB0002875804,GBp
AAL LN Equity,Anglo American PLC,Basic Materials,GB00B1XZS820,GBp
DGE LN Equity,Diageo PLC,"Consumer, Non-cyclical",GB0002374006,GBp
ULVR LN Equity,Unilever PLC,"Consumer, Non-cyclical",GB00B10RZP78,GBp
ATCOA SS Equity,Atlas Copco AB,Industrial,SE0017486889,SEK
NESN SW Equity,Nestle SA,"Consumer, Non-cyclical",CH0038863350,CHF
NDA SS Equity,Nordea Bank Abp,Financial,FI4000297767,SEK
MBG GY Equity,Mercedes-Benz Group AG,"Consumer, Cyclical",DE0007100000,EUR
SHEL US Equity,Shell PLC,Energy,US7802593050,USD
CPR IM Equity,Davide Campari-Milano NV,"Consumer, Non-cyclical",NL0015435975,EUR
IFX GY Equity,Infineon Technologies AG,Technology,DE0006231004,EUR
NVO US Equity,Novo Nordisk A/S,"Consumer, Non-cyclical",US6701002056,USD
SHELL NA Equity,Shell PLC,Energy,GB00BP6MXD84,EUR
PRU LN Equity,Prudential PLC,Financial,GB0007099541,GBp
UBSG SW Equity,UBS Group AG,Financial,CH0244767585,CHF
AV/ LN Equity,Aviva PLC,Financial,GB00BPQY8M80,GBp
GSK LN Equity,GSK PLC,"Consumer, Non-cyclical",GB00BN7SWP63,GBp
BP US Equity,BP PLC,Energy,US0556221044,USD
DBK GY Equity,Deutsche Bank AG,Financial,DE0005140008,EUR
SHEL LN Equity,Shell PLC,Energy,GB00BP6MXD84,GBp
DTE GY Equity,Deutsche Telekom AG,Communications,DE0005557508,EUR
EDP PL Equity,EDP - Energias de Portugal SA,Utilities,PTEDP0AM0009,EUR
INGA NA Equity,ING Groep NV,Financial,NL0011821202,EUR
KPN NA Equity,Koninklijke KPN NV,Communications,NL0000009082,EUR
UCG IM Equity,UniCredit SpA,Financial,IT0005239360,EUR
TW/ LN Equity,Taylor Wimpey PLC,"Consumer, Cyclical",GB0008782301,GBp
NOKIA FH Equity,Nokia Oyj,Communications,FI0009000681,EUR
NG/ LN Equity,National Grid PLC,Utilities,GB00BDR05C01,GBp
BT/A LN Equity,BT Group PLC,Communications,GB0030913577,GBp
HSBA LN Equity,HSBC Holdings PLC,Financial,GB0005405286,GBp
ENEL IM Equity,Enel SpA,Utilities,IT0003128367,EUR
BP/ LN Equity,BP PLC,Energy,GB0007980591,GBp
SAN SM Equity,Banco Santander SA,Financial,ES0113900J37,EUR
BARC LN Equity,Barclays PLC,Financial,GB0031348658,GBp
VOD LN Equity,Vodafone Group PLC,Communications,GB00BH4HKS39,GBp
ISP IM Equity,Intesa Sanpaolo SpA,Financial,IT0000072618,EUR
LLOY LN Equity,Lloyds Banking Group PLC,Financial,GB0008706128,GBp
SWAV US Equity,Shockwave Medical Inc,"Consumer, Non-cyclical",US82489T1043,USD
BRK/A US Equity,Berkshire Hathaway Inc,Financial,US0846701086,USD
ESLOY US Equity,EssilorLuxottica SA,"Consumer, Non-cyclical",US2972842007,USD
VIVHY US Equity,Vivendi SE,Communications,US92852T2015,USD
CGEMY US Equity,Capgemini SE,Technology,US13961R1005,USD
DASTY US Equity,Dassault Systemes SE,Technology,US2375451083,USD
LRLCY US Equity,L'Oreal SA,"Consumer, Non-cyclical",US5021172037,USD
BKNG US Equity,Booking Holdings Inc,Communications,US09857L1089,USD
VCISY US Equity,Vinci SA,Industrial,US9273201015,USD
SBGSY US Equity,Schneider Electric SE,Industrial,US80687P1066,USD
LVMUY US Equity,LVMH Moet Hennessy Louis Vuitt,"Consumer, Cyclical",US5024413065,USD
MELI US Equity,MercadoLibre Inc,Communications,US58733R1023,USD
PI US Equity,Impinj Inc,Technology,US4532041096,USD
ABBNY US Equity,ABB Ltd,Industrial,US0003752047,USD
EQIX US Equity,Equinix Inc,Financial,US29444U7000,USD
BLK US Equity,BlackRock Inc,Financial,US09247X1019,USD
MTH US Equity,Meritage Homes Corp,"Consumer, Cyclical",US59001A1025,USD
HUBS US Equity,HubSpot Inc,Technology,US4435731009,USD
FNV US Equity,Franco-Nevada Corp,Basic Materials,CA3518581051,USD
VMC US Equity,Vulcan Materials Co,Industrial,US9291601097,USD
KLAC US Equity,KLA Corp,Technology,US4824801009,USD
ULTA US Equity,Ulta Beauty Inc,"Consumer, Cyclical",US90384S3031,USD
SNPS US Equity,Synopsys Inc,Technology,US8716071076,USD
EPAM US Equity,EPAM Systems Inc,Technology,US29414B1044,USD
AGCO US Equity,AGCO Corp,Industrial,US0010841023,USD
ALGN US Equity,Align Technology Inc,"Consumer, Non-cyclical",US0162551016,USD
AP-U CN Equity,Allied Properties Real Estate,Financial,CA0194561027,CAD
ASML US Equity,ASML Holding NV,Technology,USN070592100,USD
GMED US Equity,Globus Medical Inc,"Consumer, Non-cyclical",US3795772082,USD
ROK US Equity,Rockwell Automation Inc,Industrial,US7739031091,USD
SYK US Equity,Stryker Corp,"Consumer, Non-cyclical",US8636671013,USD
BIIB US Equity,Biogen Inc,"Consumer, Non-cyclical",US09062X1037,USD
SPGI US Equity,S&P Global Inc,"Consumer, Non-cyclical",US78409V1044,USD
VEEV US Equity,Veeva Systems Inc,Technology,US9224751084,USD
NOW US Equity,ServiceNow Inc,Technology,US81762P1021,USD
HCA US Equity,HCA Healthcare Inc,"Consumer, Non-cyclical",US40412C1018,USD
REI-U CN Equity,RioCan Real Estate Investment,Financial,CA7669101031,CAD
CLX US Equity,Clorox Co/The,"Consumer, Non-cyclical",US1890541097,USD
STZ US Equity,Constellation Brands Inc,"Consumer, Non-cyclical",US21036P1084,USD
WPM US Equity,Wheaton Precious Metals Corp,Basic Materials,CA9628791027,USD
TOL US Equity,Toll Brothers Inc,"Consumer, Cyclical",US8894781033,USD
BG US Equity,Bunge Global SA,"Consumer, Non-cyclical",CH1300646267,USD
IQV US Equity,IQVIA Holdings Inc,"Consumer, Non-cyclical",US46266C1053,USD
ISRG US Equity,Intuitive Surgical Inc,"Consumer, Non-cyclical",US46120E6023,USD
DLR US Equity,Digital Realty Trust Inc,Financial,US2538681030,USD
TEAM US Equity,Atlassian Corp,Technology,US0494681010,USD
CDNS US Equity,Cadence Design Systems Inc,Technology,US1273871087,USD
INTU US Equity,Intuit Inc,Technology,US4612021034,USD
OKTA US Equity,Okta Inc,Communications,US6792951054,USD
HLT US Equity,Hilton Worldwide Holdings Inc,"Consumer, Cyclical",US43300A2033,USD
SPG US Equity,Simon Property Group Inc,Financial,US8288061091,USD
NXPI US Equity,NXP Semiconductors NV,Technology,NL0009538784,USD
RIO US Equity,Rio Tinto PLC,Basic Materials,US7672041008,USD
COST US Equity,Costco Wholesale Corp,"Consumer, Cyclical",US22160K1051,USD
ALA CN Equity,AltaGas Ltd,Utilities,CA0213611001,CAD
TMO US Equity,Thermo Fisher Scientific Inc,"Consumer, Non-cyclical",US8835561023,USD
TER US Equity,Teradyne Inc,Technology,US8807701029,USD
GS US Equity,Goldman Sachs Group Inc/The,Financial,US38141G1040,USD
AMT US Equity,American Tower Corp,Financial,US03027X1000,USD
NDAQ US Equity,Nasdaq Inc,Financial,US6311031081,USD
JNPR US Equity,Juniper Networks Inc,Communications,US48203R1041,USD
DD US Equity,DuPont de Nemours Inc,Basic Materials,US26614N1028,USD
CF US Equity,CF Industries Holdings Inc,Basic Materials,US1252691001,USD
DHI US Equity,DR Horton Inc,"Consumer, Cyclical",US23331A1097,USD
UNP US Equity,Union Pacific Corp,Industrial,US9078181081,USD
CG US Equity,Carlyle Group Inc/The,Financial,US14316J1088,USD
ANET US Equity,Arista Networks Inc,Communications,US0404131064,USD
ZS US Equity,Zscaler Inc,Technology,US98980G1022,USD
DAR US Equity,Darling Ingredients Inc,"Consumer, Non-cyclical",US2372661015,USD
AMGN US Equity,Amgen Inc,"Consumer, Non-cyclical",US0311621009,USD
SAN US Equity,Banco Santander SA,Financial,US05964H1059,USD
ZTS US Equity,Zoetis Inc,"Consumer, Non-cyclical",US98978V1035,USD
COF US Equity,Capital One Financial Corp,Financial,US14040H1059,USD
TWLO US Equity,Twilio Inc,Technology,US90138F1021,USD
LULU US Equity,Lululemon Athletica Inc,"Consumer, Cyclical",US5500211090,USD
FDX US Equity,FedEx Corp,Industrial,US31428X1063,USD
ICE US Equity,Intercontinental Exchange Inc,Financial,US45866F1049,USD
MPC US Equity,Marathon Petroleum Corp,Energy,US56585A1025,USD
BX US Equity,Blackstone Inc,Financial,US09260D1072,USD
MA US Equity,Mastercard Inc,Financial,US57636Q1040,USD
NFLX US Equity,Netflix Inc,Communications,US64110L1061,USD
AXP US Equity,American Express Co,Financial,US0258161092,USD
ADI US Equity,Analog Devices Inc,Technology,US0326541051,USD
X US Equity,United States Steel Corp,Basic Materials,US9129091081,USD
LLY US Equity,Eli Lilly & Co,"Consumer, Non-cyclical",US5324571083,USD
EL US Equity,Estee Lauder Cos Inc/The,"Consumer, Non-cyclical",US5184391044,USD
SWKS US Equity,Skyworks Solutions Inc,Technology,US83088M1027,USD
LOW US Equity,Lowe's Cos Inc,"Consumer, Cyclical",US5486611073,USD
DXCM US Equity,Dexcom Inc,"Consumer, Non-cyclical",US2521311074,USD
PANW US Equity,Palo Alto Networks Inc,Communications,US6974351057,USD
UA US Equity,Under Armour Inc,"Consumer, Cyclical",US9043112062,USD
VLO US Equity,Valero Energy Corp,Energy,US91913Y1001,USD
WOLF US Equity,Wolfspeed Inc,Technology,US9778521024,USD
LEVI US Equity,Levi Strauss & Co,"Consumer, Cyclical",US52736R1023,USD
NET US Equity,Cloudflare Inc,Technology,US18915M1071,USD
BBWI US Equity,Bath & Body Works Inc,"Consumer, Cyclical",US0708301041,USD
MET US Equity,MetLife Inc,Financial,US59156R1086,USD
INVH US Equity,Invitation Homes Inc,Financial,US46187W1071,USD
ZM US Equity,Zoom Video Communications Inc,Technology,US98980L1017,USD
CAT US Equity,Caterpillar Inc,Industrial,US1491231015,USD
ALB US Equity,Albemarle Corp,Basic Materials,US0126531013,USD
CTVA US Equity,Corteva Inc,"Consumer, Non-cyclical",US22052L1044,USD
PSTG US Equity,Pure Storage Inc,Technology,US74624M1027,USD
HD US Equity,Home Depot Inc/The,"Consumer, Cyclical",US4370761029,USD
MCD US Equity,McDonald's Corp,"Consumer, Cyclical",US5801351017,USD
MMM US Equity,3M Co,Industrial,US88579Y1010,USD
ABNB US Equity,Airbnb Inc,Communications,US0090661010,USD
APTV US Equity,Aptiv PLC,"Consumer, Cyclical",JE00B783TY65,USD
DDOG US Equity,Datadog Inc,Technology,US23804L1035,USD
ENPH US Equity,Enphase Energy Inc,Energy,US29355A1079,USD
BRK/B US Equity,Berkshire Hathaway Inc,Financial,US0846707026,USD
UPS US Equity,United Parcel Service Inc,Industrial,US9113121068,USD
TXN US Equity,Texas Instruments Inc,Technology,US8825081040,USD
ACN US Equity,Accenture PLC,Technology,IE00B4BNMY34,USD
ILMN US Equity,Illumina Inc,"Consumer, Non-cyclical",US4523271090,USD
APP US Equity,AppLovin Corp,Technology,US03831W1080,USD
ADBE US Equity,Adobe Inc,Technology,US00724F1012,USD
S US Equity,SentinelOne Inc,Technology,US81730H1095,USD
WDC US Equity,Western Digital Corp,Technology,US9581021055,USD
UNH US Equity,UnitedHealth Group Inc,"Consumer, Non-cyclical",US91324P1021,USD
ONON US Equity,On Holding AG,"Consumer, Cyclical",CH1134540470,USD
M US Equity,Macy's Inc,"Consumer, Cyclical",US55616P1049,USD
O US Equity,Realty Income Corp,Financial,US7561091049,USD
DOW US Equity,Dow Inc,Basic Materials,US2605571031,USD
AMAT US Equity,Applied Materials Inc,Technology,US0382221051,USD
RBLX US Equity,ROBLOX Corp,Technology,US7710491033,USD
AVGO US Equity,Broadcom Inc,Technology,US11135F1012,USD
MS US Equity,Morgan Stanley,Financial,US6174464486,USD
TJX US Equity,TJX Cos Inc/The,"Consumer, Cyclical",US8725401090,USD
WMB US Equity,Williams Cos Inc/The,Energy,US9694571004,USD
TMUS US Equity,T-Mobile US Inc,Communications,US8725901040,USD
MCHP US Equity,Microchip Technology Inc,Technology,US5950171042,USD
GE US Equity,General Electric Co,Industrial,US3696043013,USD
CELH US Equity,Celsius Holdings Inc,"Consumer, Non-cyclical",US15118V2079,USD
ABBV US Equity,AbbVie Inc,"Consumer, Non-cyclical",US00287Y1091,USD
SQ US Equity,Block Inc,"Consumer, Non-cyclical",US8522341036,USD
PG US Equity,Procter & Gamble Co/The,"Consumer, Non-cyclical",US7427181091,USD
MDT US Equity,Medtronic PLC,"Consumer, Non-cyclical",IE00BTN1Y115,USD
MDLZ US Equity,Mondelez International Inc,"Consumer, Non-cyclical",US6092071058,USD
JNJ US Equity,Johnson & Johnson,"Consumer, Non-cyclical",US4781601046,USD
BEKE US Equity,KE Holdings Inc,Financial,US4824971042,USD
TDOC US Equity,Teladoc Health Inc,"Consumer, Non-cyclical",US87918A1051,USD
CRWD US Equity,Crowdstrike Holdings Inc,Technology,US22788C1053,USD
CPNG US Equity,Coupang Inc,Communications,US22266T1097,USD
AQN US Equity,Algonquin Power & Utilities Co,Utilities,CA0158571053,USD
CVX US Equity,Chevron Corp,Energy,US1667641005,USD
NEM US Equity,Newmont Corp,Basic Materials,US6516391066,USD
U US Equity,Unity Software Inc,Technology,US91332U1016,USD
OXY US Equity,Occidental Petroleum Corp,Energy,US6745991058,USD
SNOW US Equity,Snowflake Inc,Technology,US8334451098,USD
KHC US Equity,Kraft Heinz Co/The,"Consumer, Non-cyclical",US5007541064,USD
ENB CN Equity,Enbridge Inc,Energy,CA29250N1050,CAD
MFC CN Equity,Manulife Financial Corp,Financial,CA56501R1064,CAD
CRM US Equity,Salesforce Inc,Technology,US79466L3024,USD
SHOP US Equity,Shopify Inc,Communications,CA82509L1076,USD
GILD US Equity,Gilead Sciences Inc,"Consumer, Non-cyclical",US3755581036,USD
JPM US Equity,JPMorgan Chase & Co,Financial,US46625H1005,USD
UAA US Equity,Under Armour Inc,"Consumer, Cyclical",US9043111072,USD
MO US Equity,Altria Group Inc,"Consumer, Non-cyclical",US02209S1033,USD
V US Equity,Visa Inc,Financial,US92826C8394,USD
DIS US Equity,Walt Disney Co/The,Communications,US2546871060,USD
HAL US Equity,Halliburton Co,Energy,US4062161017,USD
VRT US Equity,Vertiv Holdings Co,Industrial,US92537N1081,USD
MRVL US Equity,Marvell Technology Inc,Technology,US5738741041,USD
CVS US Equity,CVS Health Corp,"Consumer, Non-cyclical",US1266501006,USD
LUV US Equity,Southwest Airlines Co,"Consumer, Cyclical",US8447411088,USD
SBUX US Equity,Starbucks Corp,"Consumer, Cyclical",US8552441094,USD
MRK US Equity,Merck & Co Inc,"Consumer, Non-cyclical",US58933Y1055,USD
FCX US Equity,Freeport-McMoRan Inc,Basic Materials,US35671D8570,USD
QCOM US Equity,QUALCOMM Inc,Technology,US7475251036,USD
KO US Equity,Coca-Cola Co/The,"Consumer, Non-cyclical",US1912161007,USD
META US Equity,Meta Platforms Inc,Communications,US30303M1027,USD
ORCL US Equity,Oracle Corp,Technology,US68389X1054,USD
C US Equity,Citigroup Inc,Financial,US1729674242,USD
SLB US Equity,Schlumberger NV,Energy,AN8068571086,USD
ARM US Equity,ARM Holdings PLC,Technology,US0420682058,USD
RUN US Equity,Sunrun Inc,Energy,US86771W1053,USD
NEE US Equity,NextEra Energy Inc,Utilities,US65339F1012,USD
PYPL US Equity,PayPal Holdings Inc,"Consumer, Non-cyclical",US70450Y1038,USD
WMT US Equity,Walmart Inc,"Consumer, Cyclical",US9311421039,USD
UBER US Equity,Uber Technologies Inc,Communications,US90353T1007,USD
GM US Equity,General Motors Co,"Consumer, Cyclical",US37045V1008,USD
LYFT US Equity,Lyft Inc,Communications,US55087P1049,USD
DELL US Equity,Dell Technologies Inc,Technology,US24703L2025,USD
BMY US Equity,Bristol-Myers Squibb Co,"Consumer, Non-cyclical",US1101221083,USD
XOM US Equity,Exxon Mobil Corp,Energy,US30231G1022,USD
GOOG US Equity,Alphabet Inc,Communications,US02079K1079,USD
SNAP US Equity,Snap Inc,Communications,US83304A1060,USD
MSFT US Equity,Microsoft Corp,Technology,US5949181045,USD
CHWY US Equity,Chewy Inc,Communications,US16679L1098,USD
WFC US Equity,Wells Fargo & Co,Financial,US9497461015,USD
NKE US Equity,NIKE Inc,"Consumer, Cyclical",US6541061031,USD
GOLD US Equity,Barrick Gold Corp,Basic Materials,CA0679011084,USD
CMG US Equity,Chipotle Mexican Grill Inc,"Consumer, Cyclical",US1696561059,USD
GOOGL US Equity,Alphabet Inc,Communications,US02079K3059,USD
WBA US Equity,Walgreens Boots Alliance Inc,"Consumer, Cyclical",US9314271084,USD
MU US Equity,Micron Technology Inc,Technology,US5951121038,USD
PFE US Equity,Pfizer Inc,"Consumer, Non-cyclical",US7170811035,USD
SOFI US Equity,SoFi Technologies Inc,Financial,US83406F1021,USD
CCL US Equity,Carnival Corp,"Consumer, Cyclical",PA1436583006,USD
T US Equity,AT&T Inc,Communications,US00206R1023,USD
BAC US Equity,Bank of America Corp,Financial,US0605051046,USD
INTC US Equity,Intel Corp,Technology,US4581401001,USD
AMZN US Equity,Amazon.com Inc,Communications,US0231351067,USD
AMD US Equity,Advanced Micro Devices Inc,Technology,US0079031078,USD
AAPL US Equity,Apple Inc,Technology,US0378331005,USD
TSLA US Equity,Tesla Inc,"Consumer, Cyclical",US88160R1014,USD
NVDA US Equity,NVIDIA Corp,Technology,US67066G1040,USD
