id,formula,sources,mass
EVODEX-M1,,"EVODEX-P1,EVODEX-P7,EVODEX-P20,EVODEX-P43,EVODEX-P49,EVODEX-P50,EVODEX-P59,EVODEX-P65,EVODEX-P71,EVODEX-P77,EVODEX-P86,EVODEX-P92,EVODEX-P102,EVODEX-P110,EVODEX-P119,EVODEX-P133,EVODEX-P134,EVODEX-P140,EVODEX-P146,EVODEX-P152,EVODEX-P166,EVODEX-P168,EVODEX-P176,EVODEX-P185,EVODEX-P191,EVODEX-P192,EVODEX-P198,EVODEX-P199,EVODEX-P205,EVODEX-P216,EVODEX-P223,EVODEX-P229,EVODEX-P231,EVODEX-P233,EVODEX-P239,EVODEX-P244,EVODEX-P249,EVODEX-P252,EVODEX-P253,EVODEX-P258,EVODEX-P275,EVODEX-P278,EVODEX-P281,EVODEX-P288,EVODEX-P290,EVODEX-P291,EVODEX-P296,EVODEX-P299,EVODEX-P302,EVODEX-P305,EVODEX-P311,EVODEX-P318,EVODEX-P322,EVODEX-P335,EVODEX-P352,EVODEX-P354,EVODEX-P359,EVODEX-P360,EVODEX-P361,EVODEX-P364,EVODEX-P369,EVODEX-P373,EVODEX-P381,EVODEX-P385,EVODEX-P399,EVODEX-P401,EVODEX-P402,EVODEX-P410,EVODEX-P413,EVODEX-P424,EVODEX-P436,EVODEX-P450,EVODEX-P459,EVODEX-P463,EVODEX-P470,EVODEX-P488,EVODEX-P499,EVODEX-P505,EVODEX-P511,EVODEX-P517,EVODEX-P527,EVODEX-P533,EVODEX-P553,EVODEX-P559,EVODEX-P570,EVODEX-P574,EVODEX-P579,EVODEX-P584,EVODEX-P589,EVODEX-P595,EVODEX-P601,EVODEX-P607,EVODEX-P613,EVODEX-P648,EVODEX-P662,EVODEX-P668,EVODEX-P676,EVODEX-P682,EVODEX-P687,EVODEX-P694,EVODEX-P700,EVODEX-P717,EVODEX-P723,EVODEX-P729,EVODEX-P735,EVODEX-P741,EVODEX-P747,EVODEX-P753,EVODEX-P756,EVODEX-P761,EVODEX-P781,EVODEX-P787,EVODEX-P793,EVODEX-P799,EVODEX-P805,EVODEX-P807,EVODEX-P812,EVODEX-P817,EVODEX-P831,EVODEX-P836,EVODEX-P844,EVODEX-P850,EVODEX-P862,EVODEX-P867,EVODEX-P880,EVODEX-P886,EVODEX-P892,EVODEX-P893,EVODEX-P899,EVODEX-P906,EVODEX-P908,EVODEX-P914,EVODEX-P919,EVODEX-P926,EVODEX-P933,EVODEX-P939,EVODEX-P941,EVODEX-P952,EVODEX-P954,EVODEX-P956,EVODEX-P958,EVODEX-P965,EVODEX-P967,EVODEX-P977,EVODEX-P982,EVODEX-P999,EVODEX-P1004,EVODEX-P1009,EVODEX-P1011,EVODEX-P1016,EVODEX-P1022,EVODEX-P1027,EVODEX-P1033,EVODEX-P1039,EVODEX-P1047,EVODEX-P1049,EVODEX-P1054,EVODEX-P1066,EVODEX-P1083,EVODEX-P1088,EVODEX-P1094,EVODEX-P1098,EVODEX-P1100,EVODEX-P1106,EVODEX-P1111,EVODEX-P1119,EVODEX-P1127,EVODEX-P1134,EVODEX-P1136,EVODEX-P1153,EVODEX-P1159,EVODEX-P1181,EVODEX-P1182,EVODEX-P1194,EVODEX-P1199,EVODEX-P1204,EVODEX-P1214,EVODEX-P1220,EVODEX-P1224,EVODEX-P1229,EVODEX-P1230,EVODEX-P1236,EVODEX-P1239,EVODEX-P1251,EVODEX-P1257,EVODEX-P1263,EVODEX-P1268,EVODEX-P1280,EVODEX-P1282,EVODEX-P1285,EVODEX-P1291,EVODEX-P1299,EVODEX-P1307,EVODEX-P1312,EVODEX-P1320,EVODEX-P1327,EVODEX-P1335,EVODEX-P1352,EVODEX-P1357,EVODEX-P1363,EVODEX-P1370,EVODEX-P1378,EVODEX-P1385,EVODEX-P1390,EVODEX-P1397,EVODEX-P1411,EVODEX-P1418,EVODEX-P1423,EVODEX-P1428,EVODEX-P1440,EVODEX-P1446,EVODEX-P1452,EVODEX-P1453,EVODEX-P1461,EVODEX-P1472,EVODEX-P1477,EVODEX-P1490,EVODEX-P1496,EVODEX-P1517,EVODEX-P1518,EVODEX-P1523,EVODEX-P1529,EVODEX-P1535,EVODEX-P1537,EVODEX-P1543,EVODEX-P1549,EVODEX-P1554,EVODEX-P1559,EVODEX-P1564,EVODEX-P1580,EVODEX-P1591,EVODEX-P1597,EVODEX-P1610,EVODEX-P1616,EVODEX-P1622,EVODEX-P1628,EVODEX-P1634,EVODEX-P1640,EVODEX-P1646,EVODEX-P1657,EVODEX-P1676,EVODEX-P1681,EVODEX-P1686,EVODEX-P1692,EVODEX-P1697,EVODEX-P1699,EVODEX-P1718,EVODEX-P1724,EVODEX-P1729,EVODEX-P1741,EVODEX-P1752,EVODEX-P1770,EVODEX-P1776,EVODEX-P1778,EVODEX-P1783,EVODEX-P1789,EVODEX-P1796,EVODEX-P1797,EVODEX-P1798,EVODEX-P1799,EVODEX-P1805,EVODEX-P1824,EVODEX-P1841,EVODEX-P1851,EVODEX-P1856,EVODEX-P1868,EVODEX-P1872,EVODEX-P1878,EVODEX-P1883,EVODEX-P1895,EVODEX-P1903",0.0
EVODEX-M2,,EVODEX-P2,-67.04225000000001
EVODEX-M3,,"EVODEX-P3,EVODEX-P51,EVODEX-P178,EVODEX-P513,EVODEX-P572,EVODEX-P758,EVODEX-P1006,EVODEX-P1593,EVODEX-P1742",-180.06336000000002
EVODEX-M4,,EVODEX-P4,67.04225000000001
EVODEX-M5,,"EVODEX-P5,EVODEX-P52,EVODEX-P95,EVODEX-P111,EVODEX-P113,EVODEX-P177,EVODEX-P425,EVODEX-P512,EVODEX-P571,EVODEX-P669,EVODEX-P733,EVODEX-P759,EVODEX-P782,EVODEX-P806,EVODEX-P813,EVODEX-P1005,EVODEX-P1099,EVODEX-P1321,EVODEX-P1386,EVODEX-P1592,EVODEX-P1595,EVODEX-P1873",-162.0528
EVODEX-M6,,"EVODEX-P6,EVODEX-P13,EVODEX-P27,EVODEX-P48,EVODEX-P55,EVODEX-P64,EVODEX-P70,EVODEX-P91,EVODEX-P139,EVODEX-P179,EVODEX-P190,EVODEX-P197,EVODEX-P204,EVODEX-P277,EVODEX-P286,EVODEX-P327,EVODEX-P330,EVODEX-P358,EVODEX-P363,EVODEX-P371,EVODEX-P419,EVODEX-P455,EVODEX-P504,EVODEX-P510,EVODEX-P522,EVODEX-P532,EVODEX-P552,EVODEX-P558,EVODEX-P573,EVODEX-P606,EVODEX-P653,EVODEX-P667,EVODEX-P681,EVODEX-P734,EVODEX-P755,EVODEX-P760,EVODEX-P798,EVODEX-P811,EVODEX-P816,EVODEX-P841,EVODEX-P855,EVODEX-P866,EVODEX-P872,EVODEX-P891,EVODEX-P904,EVODEX-P913,EVODEX-P924,EVODEX-P972,EVODEX-P987,EVODEX-P1021,EVODEX-P1032,EVODEX-P1060,EVODEX-P1093,EVODEX-P1105,EVODEX-P1132,EVODEX-P1141,EVODEX-P1158,EVODEX-P1161,EVODEX-P1193,EVODEX-P1219,EVODEX-P1235,EVODEX-P1238,EVODEX-P1243,EVODEX-P1267,EVODEX-P1324,EVODEX-P1332,EVODEX-P1356,EVODEX-P1394,EVODEX-P1403,EVODEX-P1434,EVODEX-P1495,EVODEX-P1498,EVODEX-P1528,EVODEX-P1584,EVODEX-P1596,EVODEX-P1627,EVODEX-P1633,EVODEX-P1639,EVODEX-P1645,EVODEX-P1650,EVODEX-P1723,EVODEX-P1728,EVODEX-P1788,EVODEX-P1793,EVODEX-P1804,EVODEX-P1823,EVODEX-P1847,EVODEX-P1888,EVODEX-P1900",18.010559999999998
EVODEX-M7,,"EVODEX-P8,EVODEX-P868,EVODEX-P1405,EVODEX-P1429",-19.04225
EVODEX-M8,,"EVODEX-P9,EVODEX-P395,EVODEX-P565,EVODEX-P1304,EVODEX-P1406,EVODEX-P1430,EVODEX-P1483",-1.0316900000000002
EVODEX-M9,,"EVODEX-P10,EVODEX-P323,EVODEX-P451,EVODEX-P534,EVODEX-P650,EVODEX-P869,EVODEX-P1029,EVODEX-P1399,EVODEX-P1431,EVODEX-P1725",-17.02659
EVODEX-M10,,"EVODEX-P11,EVODEX-P131,EVODEX-P155,EVODEX-P440,EVODEX-P773,EVODEX-P779,EVODEX-P870,EVODEX-P944,EVODEX-P1058,EVODEX-P1198,EVODEX-P1208,EVODEX-P1400,EVODEX-P1432,EVODEX-P1502,EVODEX-P1512,EVODEX-P1532,EVODEX-P1598,EVODEX-P1664,EVODEX-P1740,EVODEX-P1760,EVODEX-P1893",15.9949
EVODEX-M11,,"EVODEX-P12,EVODEX-P41,EVODEX-P42,EVODEX-P57,EVODEX-P85,EVODEX-P100,EVODEX-P101,EVODEX-P127,EVODEX-P129,EVODEX-P157,EVODEX-P217,EVODEX-P221,EVODEX-P222,EVODEX-P246,EVODEX-P247,EVODEX-P251,EVODEX-P300,EVODEX-P301,EVODEX-P353,EVODEX-P375,EVODEX-P376,EVODEX-P438,EVODEX-P448,EVODEX-P449,EVODEX-P486,EVODEX-P496,EVODEX-P523,EVODEX-P524,EVODEX-P631,EVODEX-P633,EVODEX-P637,EVODEX-P642,EVODEX-P643,EVODEX-P654,EVODEX-P655,EVODEX-P674,EVODEX-P675,EVODEX-P751,EVODEX-P752,EVODEX-P856,EVODEX-P858,EVODEX-P871,EVODEX-P878,EVODEX-P879,EVODEX-P928,EVODEX-P975,EVODEX-P976,EVODEX-P990,EVODEX-P991,EVODEX-P1048,EVODEX-P1059,EVODEX-P1163,EVODEX-P1165,EVODEX-P1197,EVODEX-P1207,EVODEX-P1209,EVODEX-P1244,EVODEX-P1245,EVODEX-P1246,EVODEX-P1275,EVODEX-P1368,EVODEX-P1369,EVODEX-P1376,EVODEX-P1377,EVODEX-P1402,EVODEX-P1415,EVODEX-P1416,EVODEX-P1425,EVODEX-P1433,EVODEX-P1486,EVODEX-P1487,EVODEX-P1488,EVODEX-P1489,EVODEX-P1499,EVODEX-P1506,EVODEX-P1510,EVODEX-P1511,EVODEX-P1513,EVODEX-P1587,EVODEX-P1588,EVODEX-P1589,EVODEX-P1590,EVODEX-P1608,EVODEX-P1674,EVODEX-P1675,EVODEX-P1698,EVODEX-P1735,EVODEX-P1737,EVODEX-P1756,EVODEX-P1758,EVODEX-P1762,EVODEX-P1763,EVODEX-P1863,EVODEX-P1869,EVODEX-P1889,EVODEX-P1891",-2.01566
EVODEX-M12,,"EVODEX-P14,EVODEX-P182,EVODEX-P325,EVODEX-P332,EVODEX-P453,EVODEX-P549,EVODEX-P652,EVODEX-P873,EVODEX-P1031,EVODEX-P1407,EVODEX-P1435,EVODEX-P1726",0.9839699999999996
EVODEX-M13,,EVODEX-P15,-104.06264
EVODEX-M14,,EVODEX-P16,-102.04698
EVODEX-M15,,EVODEX-P17,104.06264
EVODEX-M16,,"EVODEX-P18,EVODEX-P58,EVODEX-P84,EVODEX-P99,EVODEX-P109,EVODEX-P162,EVODEX-P175,EVODEX-P250,EVODEX-P321,EVODEX-P329,EVODEX-P345,EVODEX-P409,EVODEX-P430,EVODEX-P441,EVODEX-P457,EVODEX-P473,EVODEX-P479,EVODEX-P481,EVODEX-P498,EVODEX-P526,EVODEX-P569,EVODEX-P578,EVODEX-P660,EVODEX-P693,EVODEX-P843,EVODEX-P949,EVODEX-P974,EVODEX-P989,EVODEX-P1046,EVODEX-P1173,EVODEX-P1187,EVODEX-P1213,EVODEX-P1274,EVODEX-P1279,EVODEX-P1292,EVODEX-P1326,EVODEX-P1334,EVODEX-P1384,EVODEX-P1396,EVODEX-P1410,EVODEX-P1466,EVODEX-P1553,EVODEX-P1586,EVODEX-P1602,EVODEX-P1651,EVODEX-P1672,EVODEX-P1707,EVODEX-P1714,EVODEX-P1746,EVODEX-P1764,EVODEX-P1795,EVODEX-P1871,EVODEX-P1902",2.01566
EVODEX-M17,,EVODEX-P19,102.04698
EVODEX-M18,,"EVODEX-P21,EVODEX-P705,EVODEX-P736,EVODEX-P1221",-347.06322
EVODEX-M19,,EVODEX-P22,89.04771
EVODEX-M20,,"EVODEX-P23,EVODEX-P60,EVODEX-P206,EVODEX-P225,EVODEX-P336,EVODEX-P365,EVODEX-P683,EVODEX-P701,EVODEX-P846,EVODEX-P978,EVODEX-P1050,EVODEX-P1359,EVODEX-P1424,EVODEX-P1521,EVODEX-P1618,EVODEX-P1693",-177.94322
EVODEX-M21,,"EVODEX-P24,EVODEX-P62,EVODEX-P1040",-159.93266
EVODEX-M22,,EVODEX-P25,-258.01551
EVODEX-M23,,EVODEX-P26,-88.89550999999999
EVODEX-M24,,"EVODEX-P28,EVODEX-P1401",155.06957
EVODEX-M25,,"EVODEX-P29,EVODEX-P79,EVODEX-P154,EVODEX-P167,EVODEX-P219,EVODEX-P260,EVODEX-P342,EVODEX-P437,EVODEX-P460,EVODEX-P461,EVODEX-P490,EVODEX-P546,EVODEX-P615,EVODEX-P708,EVODEX-P789,EVODEX-P882,EVODEX-P927,EVODEX-P935,EVODEX-P943,EVODEX-P953,EVODEX-P960,EVODEX-P992,EVODEX-P1035,EVODEX-P1068,EVODEX-P1170,EVODEX-P1190,EVODEX-P1259,EVODEX-P1344,EVODEX-P1469,EVODEX-P1530,EVODEX-P1579,EVODEX-P1599,EVODEX-P1667,EVODEX-P1688,EVODEX-P1708,EVODEX-P1749,EVODEX-P1767,EVODEX-P1777,EVODEX-P1818,EVODEX-P1831",-18.010559999999998
EVODEX-M26,,EVODEX-P30,-248.98037
EVODEX-M27,,EVODEX-P31,-191.99365
EVODEX-M28,,EVODEX-P32,-22.87365
EVODEX-M29,,"EVODEX-P33,EVODEX-P1520",-329.05266
EVODEX-M30,,"EVODEX-P34,EVODEX-P200,EVODEX-P599,EVODEX-P1687,EVODEX-P1850,EVODEX-P1857",-87.03205000000001
EVODEX-M31,,EVODEX-P35,137.05901
EVODEX-M32,,"EVODEX-P36,EVODEX-P337,EVODEX-P370,EVODEX-P685,EVODEX-P709,EVODEX-P979",329.05266
EVODEX-M33,,EVODEX-P37,258.01550999999995
EVODEX-M34,,EVODEX-P38,71.03715000000001
EVODEX-M35,,EVODEX-P39,484.12223
EVODEX-M36,,"EVODEX-P40,EVODEX-P56,EVODEX-P83,EVODEX-P98,EVODEX-P108,EVODEX-P174,EVODEX-P220,EVODEX-P248,EVODEX-P320,EVODEX-P328,EVODEX-P350,EVODEX-P408,EVODEX-P432,EVODEX-P456,EVODEX-P472,EVODEX-P475,EVODEX-P480,EVODEX-P497,EVODEX-P525,EVODEX-P568,EVODEX-P577,EVODEX-P658,EVODEX-P692,EVODEX-P842,EVODEX-P940,EVODEX-P973,EVODEX-P988,EVODEX-P1010,EVODEX-P1045,EVODEX-P1162,EVODEX-P1179,EVODEX-P1189,EVODEX-P1212,EVODEX-P1273,EVODEX-P1278,EVODEX-P1293,EVODEX-P1325,EVODEX-P1333,EVODEX-P1383,EVODEX-P1395,EVODEX-P1409,EVODEX-P1417,EVODEX-P1468,EVODEX-P1552,EVODEX-P1585,EVODEX-P1609,EVODEX-P1653,EVODEX-P1663,EVODEX-P1706,EVODEX-P1717,EVODEX-P1748,EVODEX-P1766,EVODEX-P1870,EVODEX-P1901",1.00783
EVODEX-M37,,EVODEX-P44,-159.03547
EVODEX-M38,,EVODEX-P45,-176.07976000000002
EVODEX-M39,,EVODEX-P46,159.03547
EVODEX-M40,,EVODEX-P47,-158.06920000000002
EVODEX-M41,,"EVODEX-P53,EVODEX-P884",324.1056
EVODEX-M42,,"EVODEX-P54,EVODEX-P810",-324.1056
EVODEX-M43,,"EVODEX-P61,EVODEX-P207,EVODEX-P1254",306.02533
EVODEX-M44,,"EVODEX-P63,EVODEX-P137,EVODEX-P1252,EVODEX-P1684",-306.02533
EVODEX-M45,,"EVODEX-P66,EVODEX-P1816",-409.01899
EVODEX-M46,,"EVODEX-P67,EVODEX-P194,EVODEX-P259,EVODEX-P356,EVODEX-P374,EVODEX-P464,EVODEX-P529,EVODEX-P614,EVODEX-P678,EVODEX-P730,EVODEX-P794,EVODEX-P818,EVODEX-P864,EVODEX-P1067,EVODEX-P1129,EVODEX-P1336,EVODEX-P1391,EVODEX-P1539,EVODEX-P1566,EVODEX-P1642,EVODEX-P1791,EVODEX-P1827",-97.97689
EVODEX-M47,,"EVODEX-P68,EVODEX-P264,EVODEX-P462,EVODEX-P1072,EVODEX-P1345,EVODEX-P1522,EVODEX-P1808,EVODEX-P1837",409.01899
EVODEX-M48,,"EVODEX-P69,EVODEX-P75,EVODEX-P96,EVODEX-P196,EVODEX-P254,EVODEX-P312,EVODEX-P357,EVODEX-P406,EVODEX-P418,EVODEX-P531,EVODEX-P680,EVODEX-P732,EVODEX-P739,EVODEX-P796,EVODEX-P917,EVODEX-P1131,EVODEX-P1266,EVODEX-P1281,EVODEX-P1421,EVODEX-P1454,EVODEX-P1562,EVODEX-P1644,EVODEX-P1730,EVODEX-P1779",-79.96633
EVODEX-M49,,"EVODEX-P72,EVODEX-P1090,EVODEX-P1232",-363.05812
EVODEX-M50,,"EVODEX-P73,EVODEX-P80,EVODEX-P94,EVODEX-P241,EVODEX-P294,EVODEX-P315,EVODEX-P404,EVODEX-P416,EVODEX-P547,EVODEX-P581,EVODEX-P586,EVODEX-P619,EVODEX-P689,EVODEX-P737,EVODEX-P791,EVODEX-P1002,EVODEX-P1013,EVODEX-P1025,EVODEX-P1036,EVODEX-P1108,EVODEX-P1185,EVODEX-P1202,EVODEX-P1271,EVODEX-P1475,EVODEX-P1556,EVODEX-P1561,EVODEX-P1577,EVODEX-P1678,EVODEX-P1733,EVODEX-P1773,EVODEX-P1880",79.96633
EVODEX-M51,,"EVODEX-P74,EVODEX-P738",63.97143
EVODEX-M52,,"EVODEX-P76,EVODEX-P257,EVODEX-P918,EVODEX-P1422,EVODEX-P1457,EVODEX-P1782,EVODEX-P1815",427.02955
EVODEX-M53,,"EVODEX-P78,EVODEX-P863,EVODEX-P1034,EVODEX-P1265,EVODEX-P1393",-242.01913
EVODEX-M54,,"EVODEX-P81,EVODEX-P865,EVODEX-P1037,EVODEX-P1392",242.01913
EVODEX-M55,,"EVODEX-P82,EVODEX-P97,EVODEX-P115,EVODEX-P541,EVODEX-P792,EVODEX-P1001,EVODEX-P1008,EVODEX-P1038,EVODEX-P1145,EVODEX-P1389,EVODEX-P1414,EVODEX-P1812",97.97689
EVODEX-M56,,"EVODEX-P87,EVODEX-P1656",-115.02695
EVODEX-M57,,EVODEX-P88,-1180.65122
EVODEX-M58,,EVODEX-P89,115.02695
EVODEX-M59,,EVODEX-P90,-1162.6406599999998
EVODEX-M60,,"EVODEX-P93,EVODEX-P112,EVODEX-P255,EVODEX-P1253,EVODEX-P1264",-260.02969
EVODEX-M61,,"EVODEX-P103,EVODEX-P186,EVODEX-P382,EVODEX-P562,EVODEX-P800,EVODEX-P1441",-14.01566
EVODEX-M62,,EVODEX-P104,-141.97588
EVODEX-M63,,"EVODEX-P105,EVODEX-P188,EVODEX-P564,EVODEX-P641,EVODEX-P802,EVODEX-P931,EVODEX-P1250,EVODEX-P1443",14.01566
EVODEX-M64,,EVODEX-P106,634.28727
EVODEX-M65,,"EVODEX-P107,EVODEX-P1375",776.26315
EVODEX-M66,,"EVODEX-P114,EVODEX-P245,EVODEX-P427,EVODEX-P514,EVODEX-P515,EVODEX-P671,EVODEX-P731,EVODEX-P784,EVODEX-P1086,EVODEX-P1310,EVODEX-P1366,EVODEX-P1594,EVODEX-P1744,EVODEX-P1853,EVODEX-P1876",162.0528
EVODEX-M67,,"EVODEX-P116,EVODEX-P1030",70.04188
EVODEX-M68,,"EVODEX-P117,EVODEX-P959",-114.03168
EVODEX-M69,,EVODEX-P118,31.04225
EVODEX-M70,,"EVODEX-P120,EVODEX-P142,EVODEX-P307,EVODEX-P507,EVODEX-P609,EVODEX-P832,EVODEX-P1113,EVODEX-P1120,EVODEX-P1139,EVODEX-P1379",-767.1154799999999
EVODEX-M71,,EVODEX-P121,-145.07393
EVODEX-M72,,EVODEX-P122,-736.07323
EVODEX-M73,,"EVODEX-P123,EVODEX-P289,EVODEX-P390,EVODEX-P458,EVODEX-P469,EVODEX-P590,EVODEX-P698,EVODEX-P764,EVODEX-P778,EVODEX-P895,EVODEX-P905,EVODEX-P1079,EVODEX-P1123,EVODEX-P1133,EVODEX-P1371,EVODEX-P1572,EVODEX-P1612,EVODEX-P1769",-27.9949
EVODEX-M74,,EVODEX-P124,-31.04225
EVODEX-M75,,"EVODEX-P125,EVODEX-P962",114.03168
EVODEX-M76,,"EVODEX-P126,EVODEX-P1126",-811.10528
EVODEX-M77,,EVODEX-P128,135.03079
EVODEX-M78,,"EVODEX-P130,EVODEX-P1210,EVODEX-P1277,EVODEX-P1509,EVODEX-P1514,EVODEX-P1736,EVODEX-P1759,EVODEX-P1864,EVODEX-P1892",17.00273
EVODEX-M79,,EVODEX-P132,134.02295999999998
EVODEX-M80,,EVODEX-P135,-324.03588999999994
EVODEX-M81,,"EVODEX-P136,EVODEX-P555",121.01639
EVODEX-M82,,"EVODEX-P138,EVODEX-P355,EVODEX-P503,EVODEX-P557,EVODEX-P757,EVODEX-P912,EVODEX-P986,EVODEX-P1020,EVODEX-P1649,EVODEX-P1787",-121.01639
EVODEX-M83,,EVODEX-P141,-238.2298
EVODEX-M84,,"EVODEX-P143,EVODEX-P630,EVODEX-P1381",238.2298
EVODEX-M85,,EVODEX-P144,-605.0024000000001
EVODEX-M86,,EVODEX-P145,162.11308
EVODEX-M87,,"EVODEX-P147,EVODEX-P1216",-75.03205000000001
EVODEX-M88,,"EVODEX-P148,EVODEX-P1064",57.05791000000001
EVODEX-M89,,EVODEX-P149,42.02186
EVODEX-M90,,"EVODEX-P150,EVODEX-P400,EVODEX-P966",-27.01093
EVODEX-M91,,"EVODEX-P151,EVODEX-P1542",132.08996
EVODEX-M92,,EVODEX-P153,181.04093
EVODEX-M93,,EVODEX-P156,179.02527
EVODEX-M94,,EVODEX-P158,163.03036999999998
EVODEX-M95,,EVODEX-P159,161.01470999999998
EVODEX-M96,,"EVODEX-P160,EVODEX-P164,EVODEX-P341,EVODEX-P439,EVODEX-P446,EVODEX-P772,EVODEX-P776,EVODEX-P950,EVODEX-P1169,EVODEX-P1188,EVODEX-P1467,EVODEX-P1601,EVODEX-P1606,EVODEX-P1669,EVODEX-P1711,EVODEX-P1747,EVODEX-P1765",-15.9949
EVODEX-M97,,"EVODEX-P161,EVODEX-P443,EVODEX-P483,EVODEX-P485,EVODEX-P948,EVODEX-P1600,EVODEX-P1665",14.98707
EVODEX-M98,,"EVODEX-P163,EVODEX-P383",-29.97414
EVODEX-M99,,"EVODEX-P165,EVODEX-P435",-167.98235000000005
EVODEX-M100,,EVODEX-P169,-142.07430000000002
EVODEX-M101,,"EVODEX-P170,EVODEX-P1155",-108.05754
EVODEX-M102,,"EVODEX-P171,EVODEX-P202,EVODEX-P1689,EVODEX-P1859",87.03205000000001
EVODEX-M103,,EVODEX-P172,142.07430000000002
EVODEX-M104,,EVODEX-P173,195.08959
EVODEX-M105,,"EVODEX-P180,EVODEX-P937",118.04188
EVODEX-M106,,EVODEX-P181,-100.03132
EVODEX-M107,,"EVODEX-P183,EVODEX-P333",18.99453
EVODEX-M108,,"EVODEX-P184,EVODEX-P334,EVODEX-P1519",36.02112
EVODEX-M109,,EVODEX-P187,-168.04224
EVODEX-M110,,EVODEX-P189,-150.03168
EVODEX-M111,,EVODEX-P193,-330.03663
EVODEX-M112,,EVODEX-P195,330.03663
EVODEX-M113,,"EVODEX-P201,EVODEX-P1536",-135.03547
EVODEX-M114,,EVODEX-P203,-117.02491
EVODEX-M115,,"EVODEX-P208,EVODEX-P1361,EVODEX-P1620",82.08647
EVODEX-M116,,"EVODEX-P209,EVODEX-P750,EVODEX-P786,EVODEX-P1097,EVODEX-P1362,EVODEX-P1621",260.02969
EVODEX-M117,,EVODEX-P210,3.02349
EVODEX-M118,,EVODEX-P211,-145.05007
EVODEX-M119,,EVODEX-P212,-764.0919899999999
EVODEX-M120,,EVODEX-P213,-763.0841599999999
EVODEX-M121,,"EVODEX-P214,EVODEX-P1794",4.03132
EVODEX-M122,,EVODEX-P215,-144.04224
EVODEX-M123,,EVODEX-P218,-455.15553
EVODEX-M124,,"EVODEX-P224,EVODEX-P234,EVODEX-P1003,EVODEX-P1464",-212.00857
EVODEX-M125,,"EVODEX-P226,EVODEX-P236,EVODEX-P366,EVODEX-P1052",212.00857
EVODEX-M126,,EVODEX-P227,-41.9046
EVODEX-M127,,EVODEX-P228,136.03861999999998
EVODEX-M128,,"EVODEX-P230,EVODEX-P379,EVODEX-P996",-90.03168000000001
EVODEX-M129,,"EVODEX-P232,EVODEX-P317,EVODEX-P319,EVODEX-P998",-169.99801000000002
EVODEX-M130,,EVODEX-P235,-137.04771
EVODEX-M131,,EVODEX-P237,40.89550999999999
EVODEX-M132,,"EVODEX-P238,EVODEX-P722,EVODEX-P746,EVODEX-P1256,EVODEX-P1465,EVODEX-P1685",177.94322
EVODEX-M133,,"EVODEX-P240,EVODEX-P262,EVODEX-P292,EVODEX-P465,EVODEX-P580,EVODEX-P585,EVODEX-P617,EVODEX-P688,EVODEX-P748,EVODEX-P1023,EVODEX-P1070,EVODEX-P1095,EVODEX-P1107,EVODEX-P1183,EVODEX-P1200,EVODEX-P1269,EVODEX-P1339,EVODEX-P1448,EVODEX-P1555,EVODEX-P1560,EVODEX-P1568,EVODEX-P1677,EVODEX-P1771,EVODEX-P1825",-427.02955
EVODEX-M134,,EVODEX-P242,-63.97143
EVODEX-M135,,"EVODEX-P243,EVODEX-P1044",363.05812
EVODEX-M136,,EVODEX-P256,166.99986
EVODEX-M137,,"EVODEX-P261,EVODEX-P508,EVODEX-P1151,EVODEX-P1894",100.01602
EVODEX-M138,,EVODEX-P263,309.00297
EVODEX-M139,,"EVODEX-P265,EVODEX-P822",118.02658
EVODEX-M140,,"EVODEX-P266,EVODEX-P823",20.04969
EVODEX-M141,,"EVODEX-P267,EVODEX-P710,EVODEX-P824",767.1154799999999
EVODEX-M142,,EVODEX-P268,-309.00297
EVODEX-M143,,"EVODEX-P269,EVODEX-P826",669.1385899999999
EVODEX-M144,,EVODEX-P270,340.08593
EVODEX-M145,,"EVODEX-P271,EVODEX-P506,EVODEX-P828,EVODEX-P1148,EVODEX-P1192",-100.01602
EVODEX-M146,,"EVODEX-P272,EVODEX-P712",749.10492
EVODEX-M147,,"EVODEX-P273,EVODEX-P829",-197.99291
EVODEX-M148,,EVODEX-P274,1176.13447
EVODEX-M149,,"EVODEX-P276,EVODEX-P420,EVODEX-P1168,EVODEX-P1459",167.98235000000005
EVODEX-M150,,"EVODEX-P279,EVODEX-P1614",136.05244
EVODEX-M151,,"EVODEX-P280,EVODEX-P1069,EVODEX-P1205,EVODEX-P1458",43.9898
EVODEX-M152,,EVODEX-P282,-485.28517
EVODEX-M153,,"EVODEX-P283,EVODEX-P852,EVODEX-P888",-175.06337
EVODEX-M154,,EVODEX-P284,485.28517
EVODEX-M155,,"EVODEX-P285,EVODEX-P854,EVODEX-P890",-157.05281
EVODEX-M156,,"EVODEX-P287,EVODEX-P421,EVODEX-P664,EVODEX-P915",-88.01602
EVODEX-M157,,EVODEX-P293,-367.00843
EVODEX-M158,,"EVODEX-P295,EVODEX-P493,EVODEX-P896",60.02112
EVODEX-M159,,EVODEX-P297,72.02112
EVODEX-M160,,EVODEX-P298,723.3047700000001
EVODEX-M161,,"EVODEX-P303,EVODEX-P396",44.02622
EVODEX-M162,,"EVODEX-P304,EVODEX-P411,EVODEX-P624",75.03205
EVODEX-M163,,"EVODEX-P306,EVODEX-P377,EVODEX-P378,EVODEX-P646,EVODEX-P647,EVODEX-P649,EVODEX-P993,EVODEX-P1240,EVODEX-P1427,EVODEX-P1550,EVODEX-P1581,EVODEX-P1647,EVODEX-P1768",-29.00273
EVODEX-M164,,"EVODEX-P308,EVODEX-P491,EVODEX-P651,EVODEX-P834,EVODEX-P997,EVODEX-P1122,EVODEX-P1125,EVODEX-P1551",42.01056
EVODEX-M165,,EVODEX-P309,-352.89988
EVODEX-M166,,EVODEX-P310,414.2156
EVODEX-M167,,"EVODEX-P313,EVODEX-P670,EVODEX-P1544,EVODEX-P1879",-403.01825
EVODEX-M168,,EVODEX-P314,-183.90754
EVODEX-M169,,EVODEX-P316,219.11071
EVODEX-M170,,EVODEX-P324,150.00016
EVODEX-M171,,EVODEX-P326,-150.00016
EVODEX-M172,,EVODEX-P331,-97.01639
EVODEX-M173,,EVODEX-P338,158.10522999999998
EVODEX-M174,,EVODEX-P339,336.04844999999995
EVODEX-M175,,"EVODEX-P340,EVODEX-P875",-128.01092
EVODEX-M176,,"EVODEX-P343,EVODEX-P1508,EVODEX-P1709",129.01875
EVODEX-M177,,"EVODEX-P344,EVODEX-P876,EVODEX-P1713",130.02658
EVODEX-M178,,"EVODEX-P346,EVODEX-P1180",18.03442
EVODEX-M179,,"EVODEX-P347,EVODEX-P389,EVODEX-P561,EVODEX-P1172,EVODEX-P1314,EVODEX-P1479",1.0316900000000002
EVODEX-M180,,"EVODEX-P348,EVODEX-P1171",0.0238600000000004
EVODEX-M181,,"EVODEX-P349,EVODEX-P1175",19.04225
EVODEX-M182,,"EVODEX-P351,EVODEX-P1501",-129.01875
EVODEX-M183,,EVODEX-P362,258.01403
EVODEX-M184,,EVODEX-P367,-65.9159
EVODEX-M185,,EVODEX-P368,112.02732
EVODEX-M186,,"EVODEX-P372,EVODEX-P955,EVODEX-P964,EVODEX-P994",-72.02112
EVODEX-M187,,EVODEX-P380,-89.02385000000001
EVODEX-M188,,EVODEX-P384,59.07357
EVODEX-M189,,"EVODEX-P386,EVODEX-P563",-133.03751
EVODEX-M190,,EVODEX-P387,-58.04188
EVODEX-M191,,EVODEX-P388,-89.04771000000001
EVODEX-M192,,EVODEX-P391,-59.07357
EVODEX-M193,,"EVODEX-P392,EVODEX-P423,EVODEX-P1075,EVODEX-P1460,EVODEX-P1774",88.01602
EVODEX-M194,,EVODEX-P393,29.97414
EVODEX-M195,,"EVODEX-P394,EVODEX-P627,EVODEX-P900,EVODEX-P1218",-57.02149000000001
EVODEX-M196,,"EVODEX-P397,EVODEX-P775",-102.03168
EVODEX-M197,,"EVODEX-P398,EVODEX-P1611",-136.05244
EVODEX-M198,,"EVODEX-P403,EVODEX-P783,EVODEX-P1852",-402.02298
EVODEX-M199,,EVODEX-P405,-150.92099000000002
EVODEX-M200,,EVODEX-P407,251.10199
EVODEX-M201,,EVODEX-P412,106.04188
EVODEX-M202,,EVODEX-P414,150.0528
EVODEX-M203,,EVODEX-P415,248.02969
EVODEX-M204,,"EVODEX-P417,EVODEX-P583",230.01913
EVODEX-M205,,"EVODEX-P422,EVODEX-P666",-70.00546
EVODEX-M206,,"EVODEX-P426,EVODEX-P725,EVODEX-P1084,EVODEX-P1225,EVODEX-P1287,EVODEX-P1308,EVODEX-P1364,EVODEX-P1659,EVODEX-P1731,EVODEX-P1753",-404.00222
EVODEX-M207,,EVODEX-P428,-223.93886
EVODEX-M208,,"EVODEX-P429,EVODEX-P673,EVODEX-P1110,EVODEX-P1223",180.06336000000002
EVODEX-M209,,"EVODEX-P431,EVODEX-P433,EVODEX-P1652,EVODEX-P1654",-96.96906
EVODEX-M210,,EVODEX-P434,-168.99018
EVODEX-M211,,EVODEX-P442,394.18538
EVODEX-M212,,EVODEX-P444,392.16972
EVODEX-M213,,EVODEX-P445,374.15916
EVODEX-M214,,EVODEX-P447,376.17482
EVODEX-M215,,EVODEX-P452,135.01823000000002
EVODEX-M216,,EVODEX-P454,-135.01823000000002
EVODEX-M217,,EVODEX-P466,-256.10598
EVODEX-M218,,EVODEX-P467,-665.12497
EVODEX-M219,,EVODEX-P468,-763.10186
EVODEX-M220,,EVODEX-P471,-182.0579
EVODEX-M221,,EVODEX-P474,90.03168000000001
EVODEX-M222,,"EVODEX-P476,EVODEX-P656,EVODEX-P1574",46.00546
EVODEX-M223,,"EVODEX-P477,EVODEX-P659",44.99763
EVODEX-M224,,EVODEX-P478,89.02385000000001
EVODEX-M225,,EVODEX-P482,602.05376
EVODEX-M226,,EVODEX-P484,-4.03132
EVODEX-M227,,EVODEX-P487,601.0459300000001
EVODEX-M228,,"EVODEX-P489,EVODEX-P770",-59.9847
EVODEX-M229,,EVODEX-P492,71.9847
EVODEX-M230,,EVODEX-P494,-102.05554
EVODEX-M231,,EVODEX-P495,-298.09758
EVODEX-M232,,EVODEX-P500,-469.14311
EVODEX-M233,,"EVODEX-P501,EVODEX-P910,EVODEX-P984,EVODEX-P1018,EVODEX-P1648,EVODEX-P1785",-139.02695
EVODEX-M234,,EVODEX-P502,469.14311
EVODEX-M235,,"EVODEX-P509,EVODEX-P1138",-749.10492
EVODEX-M236,,"EVODEX-P516,EVODEX-P885,EVODEX-P1755,EVODEX-P1908",342.11616
EVODEX-M237,,EVODEX-P518,-374.28224
EVODEX-M238,,EVODEX-P519,-125.01471
EVODEX-M239,,EVODEX-P520,374.28224
EVODEX-M240,,EVODEX-P521,-107.00415
EVODEX-M241,,"EVODEX-P528,EVODEX-P544,EVODEX-P1146",-425.01389
EVODEX-M242,,"EVODEX-P530,EVODEX-P538,EVODEX-P821",425.01389
EVODEX-M243,,EVODEX-P535,-295.97128000000004
EVODEX-M244,,"EVODEX-P536,EVODEX-P1302,EVODEX-P1702,EVODEX-P1807",-147.05317
EVODEX-M245,,EVODEX-P537,227.0195
EVODEX-M246,,"EVODEX-P539,EVODEX-P1839",129.04261
EVODEX-M247,,EVODEX-P540,-442.04048
EVODEX-M248,,EVODEX-P542,80.9503
EVODEX-M249,,"EVODEX-P543,EVODEX-P1137",443.02445000000006
EVODEX-M250,,EVODEX-P545,425.99786
EVODEX-M251,,"EVODEX-P548,EVODEX-P1819",-49.07628
EVODEX-M252,,EVODEX-P550,295.97128000000004
EVODEX-M253,,"EVODEX-P551,EVODEX-P1822,EVODEX-P1835",-129.04261
EVODEX-M254,,"EVODEX-P554,EVODEX-P1801",-150.0528
EVODEX-M255,,"EVODEX-P556,EVODEX-P1283,EVODEX-P1286,EVODEX-P1534,EVODEX-P1803",-132.04224
EVODEX-M256,,"EVODEX-P560,EVODEX-P1313",-146.02147999999997
EVODEX-M257,,"EVODEX-P566,EVODEX-P1318,EVODEX-P1826",147.05317
EVODEX-M258,,EVODEX-P567,132.00582
EVODEX-M259,,"EVODEX-P575,EVODEX-P1848",204.08996
EVODEX-M260,,"EVODEX-P576,EVODEX-P767,EVODEX-P1615",31.9898
EVODEX-M261,,EVODEX-P582,-197.01042
EVODEX-M262,,EVODEX-P587,-215.93376
EVODEX-M263,,EVODEX-P588,211.09579
EVODEX-M264,,EVODEX-P591,-338.06285
EVODEX-M265,,"EVODEX-P592,EVODEX-P696,EVODEX-P861,EVODEX-P1374",27.9949
EVODEX-M266,,EVODEX-P593,107.10834
EVODEX-M267,,"EVODEX-P594,EVODEX-P1567",445.17119
EVODEX-M268,,"EVODEX-P596,EVODEX-P1494",-97.05281
EVODEX-M269,,EVODEX-P597,-195.08959
EVODEX-M270,,EVODEX-P598,97.05281
EVODEX-M271,,"EVODEX-P600,EVODEX-P1662",108.05754
EVODEX-M272,,"EVODEX-P602,EVODEX-P969,EVODEX-P1436,EVODEX-P1635",-138.04298
EVODEX-M273,,EVODEX-P603,382.19668
EVODEX-M274,,"EVODEX-P604,EVODEX-P971,EVODEX-P1437,EVODEX-P1637",-120.03242
EVODEX-M275,,EVODEX-P605,-382.19668
EVODEX-M276,,EVODEX-P608,-680.31322
EVODEX-M277,,EVODEX-P610,680.31322
EVODEX-M278,,EVODEX-P611,-494.89792
EVODEX-M279,,EVODEX-P612,272.21756
EVODEX-M280,,EVODEX-P616,211.0246
EVODEX-M281,,EVODEX-P618,22.94484
EVODEX-M282,,EVODEX-P620,309.00149
EVODEX-M283,,EVODEX-P621,229.03516
EVODEX-M284,,EVODEX-P622,-484.05104
EVODEX-M285,,EVODEX-P623,131.05827
EVODEX-M286,,EVODEX-P625,-197.99439
EVODEX-M287,,EVODEX-P626,-22.94484
EVODEX-M288,,EVODEX-P628,-351.9975
EVODEX-M289,,"EVODEX-P629,EVODEX-P902",57.02149000000001
EVODEX-M290,,EVODEX-P632,239.23763
EVODEX-M291,,EVODEX-P634,765.0998199999999
EVODEX-M292,,EVODEX-P635,766.1076499999999
EVODEX-M293,,EVODEX-P636,-15.02349
EVODEX-M294,,EVODEX-P638,137.02385
EVODEX-M295,,"EVODEX-P639,EVODEX-P930,EVODEX-P1248",-385.12963
EVODEX-M296,,EVODEX-P640,-247.09795
EVODEX-M297,,"EVODEX-P644,EVODEX-P1426",-182.08176
EVODEX-M298,,EVODEX-P645,-183.08959
EVODEX-M299,,EVODEX-P657,232.03479
EVODEX-M300,,EVODEX-P661,231.02696000000003
EVODEX-M301,,EVODEX-P663,-84.05754
EVODEX-M302,,EVODEX-P665,84.05754
EVODEX-M303,,EVODEX-P672,-222.95489
EVODEX-M304,,EVODEX-P677,-393.02409000000006
EVODEX-M305,,EVODEX-P679,393.02409000000006
EVODEX-M306,,EVODEX-P684,157.12126
EVODEX-M307,,EVODEX-P686,335.06447999999995
EVODEX-M308,,EVODEX-P690,-252.91773
EVODEX-M309,,EVODEX-P691,174.11182000000002
EVODEX-M310,,EVODEX-P695,-445.17119
EVODEX-M311,,EVODEX-P697,-159.11453999999998
EVODEX-M312,,EVODEX-P699,286.05665000000005
EVODEX-M313,,EVODEX-P702,-87.27655999999999
EVODEX-M314,,EVODEX-P703,434.33978
EVODEX-M315,,EVODEX-P704,416.32922
EVODEX-M316,,EVODEX-P706,256.39656
EVODEX-M317,,EVODEX-P707,87.27655999999999
EVODEX-M318,,EVODEX-P711,589.1722599999999
EVODEX-M319,,EVODEX-P713,420.05226
EVODEX-M320,,EVODEX-P714,-416.32922
EVODEX-M321,,EVODEX-P715,1096.1681399999998
EVODEX-M322,,EVODEX-P716,-594.27244
EVODEX-M323,,EVODEX-P718,-68.06264
EVODEX-M324,,EVODEX-P719,-204.08996
EVODEX-M325,,EVODEX-P720,68.06264
EVODEX-M326,,EVODEX-P721,-26.14674000000001
EVODEX-M327,,"EVODEX-P724,EVODEX-P1154",-176.03204
EVODEX-M328,,EVODEX-P726,-107.8245
EVODEX-M329,,"EVODEX-P727,EVODEX-P1156,EVODEX-P1226",176.03204
EVODEX-M330,,EVODEX-P728,296.17772
EVODEX-M331,,EVODEX-P740,411.03465000000006
EVODEX-M332,,EVODEX-P742,-216.03989
EVODEX-M333,,"EVODEX-P743,EVODEX-P848,EVODEX-P1695",305.04135999999994
EVODEX-M334,,EVODEX-P744,-38.09667
EVODEX-M335,,"EVODEX-P745,EVODEX-P840,EVODEX-P845",-305.04136
EVODEX-M336,,"EVODEX-P749,EVODEX-P1096,EVODEX-P1222",-166.99986
EVODEX-M337,,EVODEX-P754,100.02732
EVODEX-M338,,EVODEX-P762,374.10014
EVODEX-M339,,"EVODEX-P763,EVODEX-P1140",-118.02658
EVODEX-M340,,EVODEX-P765,256.07356
EVODEX-M341,,EVODEX-P766,102.03168
EVODEX-M342,,"EVODEX-P768,EVODEX-P1028",-70.04188
EVODEX-M343,,EVODEX-P769,272.06846
EVODEX-M344,,EVODEX-P771,154.04188
EVODEX-M345,,"EVODEX-P774,EVODEX-P1613",-12.0
EVODEX-M346,,EVODEX-P777,228.07866
EVODEX-M347,,EVODEX-P780,86.03678000000001
EVODEX-M348,,EVODEX-P785,-141.99329
EVODEX-M349,,"EVODEX-P788,EVODEX-P1128",-265.08123
EVODEX-M350,,"EVODEX-P790,EVODEX-P1130",265.08123
EVODEX-M351,,EVODEX-P795,321.98546
EVODEX-M352,,EVODEX-P797,-321.98546
EVODEX-M353,,EVODEX-P801,-703.2564100000001
EVODEX-M354,,EVODEX-P803,-568.22094
EVODEX-M355,,EVODEX-P804,135.03547
EVODEX-M356,,"EVODEX-P808,EVODEX-P1322,EVODEX-P1412",-504.16896
EVODEX-M357,,"EVODEX-P809,EVODEX-P1323",-486.1584
EVODEX-M358,,"EVODEX-P814,EVODEX-P1387",-666.22176
EVODEX-M359,,EVODEX-P815,-648.2112
EVODEX-M360,,"EVODEX-P819,EVODEX-P1012,EVODEX-P1473,EVODEX-P1874",-443.02445000000006
EVODEX-M361,,"EVODEX-P820,EVODEX-P1143",324.99787
EVODEX-M362,,"EVODEX-P825,EVODEX-P1150",-324.99787
EVODEX-M363,,EVODEX-P827,324.09103
EVODEX-M364,,EVODEX-P830,1192.12937
EVODEX-M365,,EVODEX-P833,-458.00951
EVODEX-M366,,EVODEX-P835,309.10597
EVODEX-M367,,"EVODEX-P837,EVODEX-P1331",-166.06339
EVODEX-M368,,EVODEX-P838,-323.05192
EVODEX-M369,,EVODEX-P839,166.06339
EVODEX-M370,,EVODEX-P847,173.17331
EVODEX-M371,,EVODEX-P849,351.11652999999995
EVODEX-M372,,EVODEX-P851,-437.20651
EVODEX-M373,,EVODEX-P853,437.20651
EVODEX-M374,,EVODEX-P857,305.06825
EVODEX-M375,,EVODEX-P859,306.07607999999993
EVODEX-M376,,EVODEX-P860,29.00273
EVODEX-M377,,"EVODEX-P874,EVODEX-P1500",-130.02658
EVODEX-M378,,EVODEX-P877,128.01092
EVODEX-M379,,EVODEX-P881,-291.09541
EVODEX-M380,,EVODEX-P883,291.09541
EVODEX-M381,,EVODEX-P887,-446.2393
EVODEX-M382,,EVODEX-P889,446.2393
EVODEX-M383,,"EVODEX-P894,EVODEX-P1000,EVODEX-P1858",-60.02112
EVODEX-M384,,EVODEX-P897,126.00821
EVODEX-M385,,"EVODEX-P898,EVODEX-P1846",169.99801000000002
EVODEX-M386,,EVODEX-P901,-685.3842299999999
EVODEX-M387,,EVODEX-P903,-667.3736700000001
EVODEX-M388,,EVODEX-P907,-160.10016000000002
EVODEX-M389,,EVODEX-P909,-57.98776
EVODEX-M390,,EVODEX-P911,57.98776
EVODEX-M391,,EVODEX-P916,339.01353000000006
EVODEX-M392,,EVODEX-P920,-888.48222
EVODEX-M393,,EVODEX-P921,-259.15333
EVODEX-M394,,EVODEX-P922,888.48222
EVODEX-M395,,EVODEX-P923,-241.14277
EVODEX-M396,,"EVODEX-P925,EVODEX-P1063",-55.04225
EVODEX-M397,,EVODEX-P929,366.18192
EVODEX-M398,,EVODEX-P932,-17.939879999999995
EVODEX-M399,,EVODEX-P934,-118.04188
EVODEX-M400,,EVODEX-P936,164.02222
EVODEX-M401,,EVODEX-P938,182.03278
EVODEX-M402,,EVODEX-P942,183.08959
EVODEX-M403,,EVODEX-P945,181.07393
EVODEX-M404,,"EVODEX-P946,EVODEX-P1484,EVODEX-P1603,EVODEX-P1704",165.07903
EVODEX-M405,,EVODEX-P947,163.06337
EVODEX-M406,,"EVODEX-P951,EVODEX-P1896",-114.04298
EVODEX-M407,,EVODEX-P957,-723.3047700000001
EVODEX-M408,,EVODEX-P961,254.03620000000004
EVODEX-M409,,EVODEX-P963,272.04675999999995
EVODEX-M410,,EVODEX-P968,-366.2382
EVODEX-M411,,EVODEX-P970,366.2382
EVODEX-M412,,EVODEX-P980,-79.97586
EVODEX-M413,,EVODEX-P981,97.96736
EVODEX-M414,,EVODEX-P983,-126.10452
EVODEX-M415,,EVODEX-P985,126.10452
EVODEX-M416,,EVODEX-P995,-188.00857
EVODEX-M417,,"EVODEX-P1007,EVODEX-P1255",-82.08647
EVODEX-M418,,EVODEX-P1014,-186.91847
EVODEX-M419,,EVODEX-P1015,256.10598
EVODEX-M420,,EVODEX-P1017,-283.03619
EVODEX-M421,,EVODEX-P1019,283.03619
EVODEX-M422,,EVODEX-P1024,-104.9729
EVODEX-M423,,EVODEX-P1026,322.05665
EVODEX-M424,,EVODEX-P1041,-230.01913
EVODEX-M425,,EVODEX-P1042,133.03899
EVODEX-M426,,EVODEX-P1043,159.93266
EVODEX-M427,,EVODEX-P1051,-26.893669999999997
EVODEX-M428,,EVODEX-P1053,151.04955
EVODEX-M429,,EVODEX-P1055,-147.17373
EVODEX-M430,,EVODEX-P1056,-129.16316999999998
EVODEX-M431,,EVODEX-P1057,-145.15807
EVODEX-M432,,EVODEX-P1061,-127.14751
EVODEX-M433,,EVODEX-P1062,-57.05791000000001
EVODEX-M434,,EVODEX-P1065,55.04225
EVODEX-M435,,EVODEX-P1071,365.02919
EVODEX-M436,,EVODEX-P1073,62.00035999999999
EVODEX-M437,,"EVODEX-P1074,EVODEX-P1455,EVODEX-P1575",-51.97143
EVODEX-M438,,EVODEX-P1076,-365.02919
EVODEX-M439,,EVODEX-P1077,-9.960870000000002
EVODEX-M440,,"EVODEX-P1078,EVODEX-P1772",-339.01353000000006
EVODEX-M441,,EVODEX-P1080,70.00546
EVODEX-M442,,EVODEX-P1081,-141.96669
EVODEX-M443,,EVODEX-P1082,497.03501000000006
EVODEX-M444,,EVODEX-P1085,-239.91846
EVODEX-M445,,EVODEX-P1087,164.08376
EVODEX-M446,,EVODEX-P1089,-226.059
EVODEX-M447,,EVODEX-P1091,226.059
EVODEX-M448,,"EVODEX-P1092,EVODEX-P1234,EVODEX-P1358,EVODEX-P1790",-345.0475599999999
EVODEX-M449,,EVODEX-P1101,-165.07903
EVODEX-M450,,EVODEX-P1102,156.10126
EVODEX-M451,,"EVODEX-P1103,EVODEX-P1491",-147.06847
EVODEX-M452,,"EVODEX-P1104,EVODEX-P1353",-156.10126
EVODEX-M453,,EVODEX-P1109,-246.96619
EVODEX-M454,,EVODEX-P1112,-350.35508
EVODEX-M455,,EVODEX-P1114,350.35508
EVODEX-M456,,EVODEX-P1115,-449.82231
EVODEX-M457,,EVODEX-P1116,317.29317
EVODEX-M458,,EVODEX-P1117,-1.9792399999999997
EVODEX-M459,,EVODEX-P1118,809.1260400000001
EVODEX-M460,,EVODEX-P1121,-851.1366
EVODEX-M461,,EVODEX-P1124,-809.1260400000001
EVODEX-M462,,EVODEX-P1135,-137.08413000000002
EVODEX-M463,,EVODEX-P1142,-324.09102999999993
EVODEX-M464,,EVODEX-P1144,-1192.12937
EVODEX-M465,,EVODEX-P1147,-669.1385899999999
EVODEX-M466,,EVODEX-P1149,-20.04969
EVODEX-M467,,EVODEX-P1152,197.99291
EVODEX-M468,,EVODEX-P1157,-90.04698
EVODEX-M469,,EVODEX-P1160,104.03752
EVODEX-M470,,EVODEX-P1164,168.99018
EVODEX-M471,,EVODEX-P1166,96.96906
EVODEX-M472,,EVODEX-P1167,95.96123
EVODEX-M473,,EVODEX-P1174,-172.061
EVODEX-M474,,EVODEX-P1176,173.06883
EVODEX-M475,,EVODEX-P1177,172.061
EVODEX-M476,,EVODEX-P1178,-171.05317
EVODEX-M477,,"EVODEX-P1184,EVODEX-P1201",287.27142999999995
EVODEX-M478,,"EVODEX-P1186,EVODEX-P1203,EVODEX-P1382",714.30098
EVODEX-M479,,EVODEX-P1191,-101.02385
EVODEX-M480,,EVODEX-P1195,114.10452
EVODEX-M481,,EVODEX-P1196,112.08886
EVODEX-M482,,EVODEX-P1206,62.01679
EVODEX-M483,,EVODEX-P1211,43.01839
EVODEX-M484,,EVODEX-P1215,-131.04057
EVODEX-M485,,EVODEX-P1217,131.04057
EVODEX-M486,,EVODEX-P1227,-163.95997999999997
EVODEX-M487,,EVODEX-P1228,240.04224
EVODEX-M488,,EVODEX-P1231,-441.04521
EVODEX-M489,,EVODEX-P1233,441.04521
EVODEX-M490,,"EVODEX-P1237,EVODEX-P1691,EVODEX-P1842",117.05791
EVODEX-M491,,EVODEX-P1241,-271.06919
EVODEX-M492,,EVODEX-P1242,-253.05863
EVODEX-M493,,EVODEX-P1247,74.02422
EVODEX-M494,,EVODEX-P1249,-310.09758
EVODEX-M495,,EVODEX-P1258,-632.3034
EVODEX-M496,,EVODEX-P1260,632.3034
EVODEX-M497,,EVODEX-P1261,394.12384
EVODEX-M498,,EVODEX-P1262,412.1344
EVODEX-M499,,EVODEX-P1270,-237.96582
EVODEX-M500,,EVODEX-P1272,189.06373
EVODEX-M501,,EVODEX-P1276,455.15553
EVODEX-M502,,"EVODEX-P1284,EVODEX-P1289",132.04224
EVODEX-M503,,EVODEX-P1288,-101.95962
EVODEX-M504,,EVODEX-P1290,302.0426
EVODEX-M505,,EVODEX-P1294,-121.06411
EVODEX-M506,,EVODEX-P1295,-176.93539
EVODEX-M507,,EVODEX-P1296,46.07151
EVODEX-M508,,EVODEX-P1297,122.07194
EVODEX-M509,,EVODEX-P1298,224.01473
EVODEX-M510,,EVODEX-P1300,-130.06300000000002
EVODEX-M511,,EVODEX-P1301,15.958479999999998
EVODEX-M512,,EVODEX-P1303,-15.958479999999998
EVODEX-M513,,EVODEX-P1305,131.09469
EVODEX-M514,,"EVODEX-P1306,EVODEX-P1705",146.02147999999997
EVODEX-M515,,EVODEX-P1309,-103.93886
EVODEX-M516,,EVODEX-P1311,300.06336
EVODEX-M517,,EVODEX-P1315,37.95577
EVODEX-M518,,EVODEX-P1316,-185.00894
EVODEX-M519,,EVODEX-P1317,-37.95577
EVODEX-M520,,EVODEX-P1319,183.97725
EVODEX-M521,,EVODEX-P1328,-116.04734
EVODEX-M522,,EVODEX-P1329,-184.07395
EVODEX-M523,,EVODEX-P1330,116.04734
EVODEX-M524,,EVODEX-P1337,145.15807
EVODEX-M525,,EVODEX-P1338,127.14751
EVODEX-M526,,EVODEX-P1340,554.17706
EVODEX-M527,,EVODEX-P1341,47.18118
EVODEX-M528,,EVODEX-P1342,-281.87148
EVODEX-M529,,EVODEX-P1343,-289.07335
EVODEX-M530,,EVODEX-P1346,307.08390999999995
EVODEX-M531,,EVODEX-P1347,209.10702
EVODEX-M532,,EVODEX-P1348,-387.05024
EVODEX-M533,,EVODEX-P1349,119.94564
EVODEX-M534,,EVODEX-P1350,289.07335
EVODEX-M535,,EVODEX-P1351,-119.94564
EVODEX-M536,,EVODEX-P1354,-903.46073
EVODEX-M537,,EVODEX-P1355,-885.4501699999998
EVODEX-M538,,"EVODEX-P1360,EVODEX-P1792",345.0475599999999
EVODEX-M539,,EVODEX-P1365,-205.94942
EVODEX-M540,,EVODEX-P1367,198.0528
EVODEX-M541,,EVODEX-P1372,-748.2804199999999
EVODEX-M542,,EVODEX-P1373,27.98273
EVODEX-M543,,EVODEX-P1380,-52.8145
EVODEX-M544,,EVODEX-P1388,-568.24487
EVODEX-M545,,"EVODEX-P1398,EVODEX-P1524",-157.08523
EVODEX-M546,,EVODEX-P1404,-155.06957
EVODEX-M547,,"EVODEX-P1408,EVODEX-P1526",157.08523
EVODEX-M548,,EVODEX-P1413,-406.19207000000006
EVODEX-M549,,EVODEX-P1419,-131.06957
EVODEX-M550,,EVODEX-P1420,295.95998000000003
EVODEX-M551,,EVODEX-P1438,138.04298
EVODEX-M552,,EVODEX-P1439,136.02732
EVODEX-M553,,EVODEX-P1442,-443.15553
EVODEX-M554,,EVODEX-P1444,-135.11454
EVODEX-M555,,EVODEX-P1445,308.04099
EVODEX-M556,,EVODEX-P1447,-79.9568
EVODEX-M557,,EVODEX-P1449,-29.907560000000004
EVODEX-M558,,EVODEX-P1450,79.9568
EVODEX-M559,,EVODEX-P1451,397.12199
EVODEX-M560,,EVODEX-P1456,471.01935
EVODEX-M561,,EVODEX-P1462,-136.03861999999998
EVODEX-M562,,EVODEX-P1463,41.9046
EVODEX-M563,,EVODEX-P1470,-259.02186
EVODEX-M564,,EVODEX-P1471,-258.01403
EVODEX-M565,,EVODEX-P1474,126.26654
EVODEX-M566,,EVODEX-P1476,569.29099
EVODEX-M567,,"EVODEX-P1478,EVODEX-P1700",-164.04734
EVODEX-M568,,EVODEX-P1480,-60.03642
EVODEX-M569,,EVODEX-P1481,-105.04261
EVODEX-M570,,EVODEX-P1482,60.03642
EVODEX-M571,,EVODEX-P1485,104.01092
EVODEX-M572,,EVODEX-P1492,-115.06337
EVODEX-M573,,"EVODEX-P1493,EVODEX-P1605",147.06847
EVODEX-M574,,EVODEX-P1497,152.12018
EVODEX-M575,,EVODEX-P1503,-148.12128
EVODEX-M576,,EVODEX-P1504,-129.10289
EVODEX-M577,,EVODEX-P1505,-130.11072
EVODEX-M578,,EVODEX-P1507,-147.11344999999997
EVODEX-M579,,EVODEX-P1515,101.08413
EVODEX-M580,,EVODEX-P1516,100.0763
EVODEX-M581,,EVODEX-P1525,-45.05791000000001
EVODEX-M582,,EVODEX-P1527,-27.04735
EVODEX-M583,,EVODEX-P1531,187.06679
EVODEX-M584,,EVODEX-P1533,205.07735
EVODEX-M585,,EVODEX-P1538,-43.00583
EVODEX-M586,,EVODEX-P1540,43.00583
EVODEX-M587,,EVODEX-P1541,34.11307000000001
EVODEX-M588,,EVODEX-P1545,239.89899
EVODEX-M589,,EVODEX-P1546,-135.92136
EVODEX-M590,,EVODEX-P1547,-239.89899
EVODEX-M591,,EVODEX-P1548,267.09689000000003
EVODEX-M592,,EVODEX-P1557,-250.93849
EVODEX-M593,,EVODEX-P1558,176.09106
EVODEX-M594,,"EVODEX-P1563,EVODEX-P1882",347.06322
EVODEX-M595,,EVODEX-P1565,525.13752
EVODEX-M596,,EVODEX-P1569,427.16063
EVODEX-M597,,EVODEX-P1570,-455.02445000000006
EVODEX-M598,,EVODEX-P1571,347.1943
EVODEX-M599,,EVODEX-P1573,18.14164
EVODEX-M600,,EVODEX-P1576,-381.02409
EVODEX-M601,,EVODEX-P1578,51.97143
EVODEX-M602,,EVODEX-P1582,-215.05592
EVODEX-M603,,EVODEX-P1583,-197.04536
EVODEX-M604,,EVODEX-P1604,149.08413
EVODEX-M605,,EVODEX-P1607,167.09469
EVODEX-M606,,EVODEX-P1617,-304.04608999999994
EVODEX-M607,,EVODEX-P1619,304.04609
EVODEX-M608,,EVODEX-P1623,-143.07357
EVODEX-M609,,EVODEX-P1624,250.09542
EVODEX-M610,,EVODEX-P1625,-125.06301
EVODEX-M611,,EVODEX-P1626,-250.09542
EVODEX-M612,,EVODEX-P1629,-154.03953
EVODEX-M613,,"EVODEX-P1630,EVODEX-P1802",166.00146
EVODEX-M614,,EVODEX-P1631,-136.02897000000002
EVODEX-M615,,"EVODEX-P1632,EVODEX-P1800",-166.00146
EVODEX-M616,,EVODEX-P1636,154.07430000000002
EVODEX-M617,,EVODEX-P1638,-154.07430000000002
EVODEX-M618,,EVODEX-P1641,-250.06882
EVODEX-M619,,EVODEX-P1643,250.06882
EVODEX-M620,,EVODEX-P1655,-116.03478
EVODEX-M621,,EVODEX-P1658,-552.21668
EVODEX-M622,,EVODEX-P1660,552.21668
EVODEX-M623,,EVODEX-P1661,-295.94468
EVODEX-M624,,EVODEX-P1666,117.07047
EVODEX-M625,,EVODEX-P1668,99.05991
EVODEX-M626,,EVODEX-P1670,100.06774
EVODEX-M627,,EVODEX-P1671,-14.98707
EVODEX-M628,,EVODEX-P1673,118.0783
EVODEX-M629,,EVODEX-P1679,-199.93886
EVODEX-M630,,EVODEX-P1680,227.09069
EVODEX-M631,,EVODEX-P1682,-301.05628
EVODEX-M632,,EVODEX-P1683,-123.11306
EVODEX-M633,,EVODEX-P1690,99.04735
EVODEX-M634,,EVODEX-P1694,-36.92408
EVODEX-M635,,EVODEX-P1696,141.01914
EVODEX-M636,,EVODEX-P1701,-18.02586
EVODEX-M637,,EVODEX-P1703,18.02586
EVODEX-M638,,EVODEX-P1710,148.12128
EVODEX-M639,,EVODEX-P1712,147.11344999999997
EVODEX-M640,,EVODEX-P1715,129.10289
EVODEX-M641,,EVODEX-P1716,130.11072
EVODEX-M642,,EVODEX-P1719,-312.1475
EVODEX-M643,,EVODEX-P1720,213.12275
EVODEX-M644,,EVODEX-P1721,-294.13694
EVODEX-M645,,EVODEX-P1722,-213.12275
EVODEX-M646,,EVODEX-P1727,-134.02295999999998
EVODEX-M647,,EVODEX-P1732,-297.97564
EVODEX-M648,,EVODEX-P1734,106.02658
EVODEX-M649,,EVODEX-P1738,161.04496999999998
EVODEX-M650,,EVODEX-P1739,160.03713999999997
EVODEX-M651,,EVODEX-P1743,486.1584
EVODEX-M652,,EVODEX-P1745,666.22176
EVODEX-M653,,EVODEX-P1750,-119.06101
EVODEX-M654,,EVODEX-P1751,-118.05318
EVODEX-M655,,EVODEX-P1754,-61.88606
EVODEX-M656,,EVODEX-P1757,151.02569000000005
EVODEX-M657,,EVODEX-P1761,150.01786
EVODEX-M658,,EVODEX-P1775,-587.06669
EVODEX-M659,,EVODEX-P1780,-185.99291
EVODEX-M660,,EVODEX-P1781,241.03664
EVODEX-M661,,EVODEX-P1784,-146.05790000000002
EVODEX-M662,,EVODEX-P1786,146.05790000000002
EVODEX-M663,,EVODEX-P1806,-440.1559
EVODEX-M664,,EVODEX-P1809,13.126350000000002
EVODEX-M665,,EVODEX-P1810,520.12223
EVODEX-M666,,EVODEX-P1811,422.14534
EVODEX-M667,,EVODEX-P1813,-556.07216
EVODEX-M668,,EVODEX-P1814,-342.17901
EVODEX-M669,,EVODEX-P1817,-13.126350000000002
EVODEX-M670,,EVODEX-P1820,-422.14534
EVODEX-M671,,"EVODEX-P1821,EVODEX-P1838",279.97638
EVODEX-M672,,EVODEX-P1828,-279.97638
EVODEX-M673,,EVODEX-P1829,49.07628
EVODEX-M674,,EVODEX-P1830,17.02659
EVODEX-M675,,EVODEX-P1832,-227.0195
EVODEX-M676,,EVODEX-P1833,-410.00296
EVODEX-M677,,EVODEX-P1834,-80.9503
EVODEX-M678,,EVODEX-P1836,-0.9839699999999996
EVODEX-M679,,EVODEX-P1840,426.04558
EVODEX-M680,,EVODEX-P1843,-117.05791
EVODEX-M681,,EVODEX-P1844,-99.04735
EVODEX-M682,,EVODEX-P1845,188.00857
EVODEX-M683,,EVODEX-P1849,82.96596
EVODEX-M684,,EVODEX-P1854,-262.99603
EVODEX-M685,,EVODEX-P1855,139.02695
EVODEX-M686,,EVODEX-P1860,-26.03336
EVODEX-M687,,EVODEX-P1861,33.98776
EVODEX-M688,,EVODEX-P1862,-542.06906
EVODEX-M689,,EVODEX-P1865,-123.05591
EVODEX-M690,,EVODEX-P1866,-105.04535
EVODEX-M691,,EVODEX-P1867,541.06123
EVODEX-M692,,EVODEX-P1875,-120.79700000000004
EVODEX-M693,,EVODEX-P1877,322.22745
EVODEX-M694,,EVODEX-P1881,-55.95503
EVODEX-M695,,EVODEX-P1884,-1378.14016
EVODEX-M696,,EVODEX-P1885,-322.0324
EVODEX-M697,,EVODEX-P1886,1378.14016
EVODEX-M698,,EVODEX-P1887,-304.02184
EVODEX-M699,,EVODEX-P1890,101.02385
EVODEX-M700,,EVODEX-P1897,-278.16316
EVODEX-M701,,EVODEX-P1898,114.04298
EVODEX-M702,,EVODEX-P1899,-260.1526
EVODEX-M703,,EVODEX-P1904,-203.07939
EVODEX-M704,,EVODEX-P1905,-221.08995
EVODEX-M705,,EVODEX-P1906,203.07939
EVODEX-M706,,EVODEX-P1907,121.02621
