https://pixeldrain.com/api/file/GPpaTrXG?download, 401 - HTTP status code 401: Unauthorized
https://pixeldrain.com/api/file/RPCg5Bu8?download, 401 - HTTP status code 401: Unauthorized
https://pixeldrain.com/api/file/YKeWnvmP?download, 401 - HTTP status code 401: Unauthorized
https://pixeldrain.com/api/file/sQ1P4vEJ?download, 401 - HTTP status code 401: Unauthorized
https://pixeldrain.com/api/file/LgsNbaT3?download, 401 - HTTP status code 401: Unauthorized
https://pixeldrain.com/api/file/7Rxodo3z?download, 401 - HTTP status code 401: Unauthorized
https://pixeldrain.com/api/file/mgNzMRGk?download, 401 - HTTP status code 401: Unauthorized
https://pixeldrain.com/api/file/rMoP6CqX?download, 401 - HTTP status code 401: Unauthorized
https://pixeldrain.com/api/file/wgmLrqz3?download, 401 - HTTP status code 401: Unauthorized
https://pixeldrain.com/api/file/cFHnYdxU?download, 401 - HTTP status code 401: Unauthorized
https://pixeldrain.com/api/file/z5hPKD6q?download, 401 - HTTP status code 401: Unauthorized
https://pixeldrain.com/api/file/6QcPuDFe?download, 401 - HTTP status code 401: Unauthorized
https://pixeldrain.com/api/file/1MYC2mEv?download, 401 - HTTP status code 401: Unauthorized
https://pixeldrain.com/api/file/jzqBzXP5?download, 401 - HTTP status code 401: Unauthorized
https://pixeldrain.com/api/file/j4WCTvrY?download, 401 - HTTP status code 401: Unauthorized
https://pixeldrain.com/api/file/2jdXeBv6?download, 401 - HTTP status code 401: Unauthorized
https://pixeldrain.com/api/file/EStNJXP2?download, 401 - HTTP status code 401: Unauthorized
